broad_category,trial_within_subcategory,trial_c,observed_mean,participant_sd,n_participants,sem,t_critical,ci_low,ci_high,uncertainty,legacy_row_mean,mean_difference_vs_legacy
Face,1,-8.5,0.02947712418300654,0.8450688354473301,153,0.06831976606798142,1.9756939278061865,-0.10550182278664347,0.16445607115265656,95% t CI across participant-level means,0.02947712418300654,0.0
Face,2,-7.5,0.001160130718954248,0.8351145340878215,153,0.0675150085006386,1.9756939278061865,-0.13222886161154052,0.134549123049449,95% t CI across participant-level means,0.0011601307189542493,-1.3010426069826053e-18
Face,3,-6.5,0.1587418300653595,0.7506499992650562,153,0.0606864555850911,1.9756939278061865,0.03884396826581518,0.2786396918649038,95% t CI across participant-level means,0.1587418300653595,0.0
Face,4,-5.5,0.13194444444444445,0.8823501075841728,153,0.07133377828126766,1.9756939278061865,-0.0089892681533289,0.2728781570422178,95% t CI across participant-level means,0.13194444444444445,0.0
Face,5,-4.5,0.10102941176470588,0.7956070035284176,153,0.06432101396134958,1.9756939278061865,-0.02604922494906943,0.2281080484784812,95% t CI across participant-level means,0.10102941176470588,0.0
Face,6,-3.5,0.04261437908496732,0.7312076764556504,153,0.05911463694684531,1.9756939278061865,-0.0741780501753822,0.15940680834531684,95% t CI across participant-level means,0.042614379084967326,-6.938893903907228e-18
Face,7,-2.5,0.17967320261437908,0.8821988962251425,153,0.07132155356744266,1.9756939278061865,0.03876364230947896,0.32058276291927923,95% t CI across participant-level means,0.17967320261437908,0.0
Face,8,-1.5,0.11965686274509804,0.8898317246864791,153,0.07193863117466447,1.9756939278061865,-0.02247185404137536,0.26178557953157144,95% t CI across participant-level means,0.11965686274509804,0.0
Face,9,-0.5,0.11423202614379084,0.8745155745997774,153,0.07070039382985496,1.9756939278061865,-0.025450312639359582,0.25391436492694125,95% t CI across participant-level means,0.11423202614379084,0.0
Face,10,0.5,0.2359640522875817,0.8560604920994024,153,0.06920838884007978,1.9756939278061865,0.09922945870298663,0.3726986458721767,95% t CI across participant-level means,0.2359640522875817,0.0
Face,11,1.5,0.247859477124183,0.8107550806791735,153,0.0655456634146353,1.9756939278061865,0.11836130792185992,0.37735764632650604,95% t CI across participant-level means,0.247859477124183,0.0
Face,12,2.5,0.22084967320261437,0.8786661992777358,153,0.07103595194670825,1.9756939278061865,0.0805043742855708,0.3611949721196579,95% t CI across participant-level means,0.22084967320261437,0.0
Face,13,3.5,0.16,0.8132444464029638,153,0.06574691670522315,1.9756939278061865,0.030104215893511505,0.28989578410648853,95% t CI across participant-level means,0.16,0.0
Face,14,4.5,0.2695915032679739,0.8211641516411249,153,0.06638718692523678,1.9756939278061865,0.13843074117564932,0.4007522653602984,95% t CI across participant-level means,0.2695915032679739,0.0
Face,15,5.5,0.1781045751633987,0.8591254075894695,153,0.06945617257143544,1.9756939278061865,0.040880436765355105,0.3153287135614423,95% t CI across participant-level means,0.1781045751633987,0.0
Face,16,6.5,0.18222222222222223,0.8036750781338503,153,0.06497327913377238,1.9756939278061865,0.053854909167971754,0.3105895352764727,95% t CI across participant-level means,0.1822222222222222,2.7755575615628914e-17
Face,17,7.5,0.2981372549019608,0.8935442130316862,153,0.07223876806841276,1.9756939278061865,0.15541555947699828,0.44085895032692335,95% t CI across participant-level means,0.2981372549019608,0.0
Face,18,8.5,0.3022222222222222,0.861543737413608,153,0.06965168294991592,1.9756939278061865,0.16461181515659165,0.4398326292878528,95% t CI across participant-level means,0.3022222222222222,0.0
Geometry,1,-8.5,-0.01027777777777778,0.9280084237241192,153,0.0750250343623038,1.9756939278061865,-0.15850428260083188,0.13794872704527633,95% t CI across participant-level means,-0.010277777777777783,3.469446951953614e-18
Geometry,2,-7.5,-0.14866013071895426,0.9195348431722845,153,0.07433998597715882,1.9756939278061865,-0.29553318960722397,-0.0017870718306845224,95% t CI across participant-level means,-0.14866013071895426,0.0
Geometry,3,-6.5,-0.07153594771241831,0.9500445420731307,153,0.07680654894135451,1.9756939278061865,-0.22328218007160108,0.08021028464676447,95% t CI across participant-level means,-0.0715359477124183,-1.3877787807814457e-17
Geometry,4,-5.5,0.11294117647058824,0.9882931157815672,153,0.07989876285172913,1.9756939278061865,-0.04491432413479951,0.270796677075976,95% t CI across participant-level means,0.11294117647058824,0.0
Geometry,5,-4.5,0.0057189542483660205,0.9412803899302908,153,0.07609800923539545,1.9756939278061865,-0.14462742051614386,0.1560653290128759,95% t CI across participant-level means,0.005718954248366013,7.806255641895632e-18
Geometry,6,-3.5,-0.037238562091503266,0.9174079960413198,153,0.07416804057773707,1.9756939278061865,-0.18377190949822125,0.10929478531521471,95% t CI across participant-level means,-0.037238562091503266,0.0
Geometry,7,-2.5,0.12173202614379085,1.0330691403629333,153,0.08351868988789041,1.9756939278061865,-0.043275342326042174,0.28673939461362385,95% t CI across participant-level means,0.12173202614379085,0.0
Geometry,8,-1.5,-0.002156862745098044,0.9688924368471283,153,0.07833031092123136,1.9756939278061865,-0.15691358239534545,0.15259985690514935,95% t CI across participant-level means,-0.0021568627450980447,8.673617379884035e-19
Geometry,9,-0.5,-0.0026797385620914984,1.016656797933374,153,0.08219183064473592,1.9756939278061865,-0.1650656392821707,0.1597061621579877,95% t CI across participant-level means,-0.0026797385620915028,4.336808689942018e-18
Geometry,10,0.5,-0.05034313725490196,0.9581592163021915,153,0.07746258147005833,1.9756939278061865,-0.20338548909748821,0.10269921458768429,95% t CI across participant-level means,-0.05034313725490196,0.0
Geometry,11,1.5,-0.045359477124183006,0.8815424308710504,153,0.07126848148911953,1.9756939278061865,-0.18616418324620407,0.09544522899783806,95% t CI across participant-level means,-0.045359477124183006,0.0
Geometry,12,2.5,0.07643790849673203,0.9869836963410115,153,0.07979290256424583,1.9756939278061865,-0.08120844458147915,0.23408426157494322,95% t CI across participant-level means,0.07643790849673203,0.0
Geometry,13,3.5,-0.12122549019607842,0.8971197111435525,153,0.07252782995820534,1.9756939278061865,-0.26451828344146433,0.022067303049307485,95% t CI across participant-level means,-0.12122549019607842,0.0
Geometry,14,4.5,0.0572875816993464,0.9885485750198207,153,0.0799194155070695,1.9756939278061865,-0.1006087222317904,0.21518388563048318,95% t CI across participant-level means,0.05728758169934641,-1.3877787807814457e-17
Geometry,15,5.5,0.03205882352941177,0.9869625085217542,153,0.07979118963058358,1.9756939278061865,-0.12558414531616416,0.18970179237498772,95% t CI across participant-level means,0.03205882352941176,1.3877787807814457e-17
Geometry,16,6.5,-0.03962418300653594,0.9222844996490582,153,0.074562282527902,1.9756939278061865,-0.18693643184028122,0.10768806582720933,95% t CI across participant-level means,-0.039624183006535946,6.938893903907228e-18
Geometry,17,7.5,0.0031209150326797345,1.0506025167075868,153,0.084936179351473,1.9756939278061865,-0.1646869787630827,0.17092880882844214,95% t CI across participant-level means,0.003120915032679741,-6.5052130349130266e-18
Geometry,18,8.5,-0.010588235294117648,0.9684660349817708,153,0.07829583837358764,1.9756939278061865,-0.16527684774130935,0.14410037715307406,95% t CI across participant-level means,-0.010588235294117654,5.204170427930421e-18
Scenery,1,-8.5,-0.016993464052287584,0.9673219253143404,153,0.07820334258915418,1.9756939278061865,-0.17149933313982643,0.13751240503525128,95% t CI across participant-level means,-0.01699346405228758,-3.469446951953614e-18
Scenery,2,-7.5,0.044689542483660125,1.0867806271738778,153,0.0878610062296648,1.9756939278061865,-0.12889691401523018,0.2182759989825504,95% t CI across participant-level means,0.04468954248366013,-6.938893903907228e-18
Scenery,3,-6.5,-0.18191176470588236,1.008131159421989,153,0.08150257362300506,1.9756939278061865,-0.34293590451343015,-0.020887624898334595,95% t CI across participant-level means,-0.18191176470588236,0.0
Scenery,4,-5.5,-0.2683333333333333,0.9178358323423526,153,0.0742026290926318,1.9756939278061865,-0.4149350170589006,-0.121731649607766,95% t CI across participant-level means,-0.2683333333333333,0.0
Scenery,5,-4.5,-0.2840359477124183,1.030018088919749,153,0.08327202699829352,1.9756939278061865,-0.44855598580905964,-0.11951590961577699,95% t CI across participant-level means,-0.2840359477124183,0.0
Scenery,6,-3.5,-0.3231045751633987,1.000095309033086,153,0.08085291362408137,1.9756939278061865,-0.4828451856559344,-0.16336396467086303,95% t CI across participant-level means,-0.3231045751633987,0.0
Scenery,7,-2.5,-0.35238562091503267,1.0348900804470351,153,0.0836659041683742,1.9756939278061865,-0.517683839744904,-0.18708740208516145,95% t CI across participant-level means,-0.35238562091503267,0.0
Scenery,8,-1.5,-0.3458496732026144,0.9745703406956873,153,0.0787893422408335,1.9756939278061865,-0.5015132982436726,-0.19018604816155615,95% t CI across participant-level means,-0.3458496732026144,0.0
Scenery,9,-0.5,-0.36205882352941177,1.0998410141404296,153,0.08891687593504781,1.9756939278061865,-0.5377313553937817,-0.18638629166504178,95% t CI across participant-level means,-0.36205882352941177,0.0
Scenery,10,0.5,-0.44486928104575163,1.009960989298795,153,0.08165050660063215,1.9756939278061865,-0.6061856911389195,-0.28355287095258375,95% t CI across participant-level means,-0.44486928104575163,0.0
Scenery,11,1.5,-0.4368954248366013,0.9136101765969784,153,0.07386100507350091,1.9756939278061865,-0.582822164061979,-0.2909686856112237,95% t CI across participant-level means,-0.4368954248366013,0.0
Scenery,12,2.5,-0.3981372549019608,0.9849720528283739,153,0.07963027082534989,1.9756939278061865,-0.5554622974411667,-0.24081221236275488,95% t CI across participant-level means,-0.3981372549019608,0.0
Scenery,13,3.5,-0.36794117647058827,1.0334494534484102,153,0.0835494363785223,1.9756939278061865,-0.5330092905952641,-0.20287306234591246,95% t CI across participant-level means,-0.36794117647058827,0.0
Scenery,14,4.5,-0.3279575163398693,1.1216390012700639,153,0.0906791387460544,1.9756939278061865,-0.5071117401391436,-0.14880329254059493,95% t CI across participant-level means,-0.3279575163398693,0.0
Scenery,15,5.5,-0.3201797385620915,1.0787043772971032,153,0.0872080801257271,1.9756939278061865,-0.49247621292212584,-0.14788326420205708,95% t CI across participant-level means,-0.3201797385620915,0.0
Scenery,16,6.5,-0.39227124183006534,1.0707982972427879,153,0.0865689114365402,1.9756939278061865,-0.5633049144920294,-0.22123756916810133,95% t CI across participant-level means,-0.39227124183006534,0.0
Scenery,17,7.5,-0.33862745098039215,1.043083893232195,153,0.08432833467013402,1.9756939278061865,-0.5052344297301838,-0.17202047223060046,95% t CI across participant-level means,-0.33862745098039215,0.0
Scenery,18,8.5,-0.4130392156862745,1.0884311629489154,153,0.08799444413827934,1.9756939278061865,-0.5868893046509537,-0.23918912672159534,95% t CI across participant-level means,-0.4130392156862745,0.0
