manuscript_profile_id,analysis_record_id,experiment,task_label,mode,face_fni,geometry_fni,scenery_fni,mean_category_fni,4_nf_daily,average_category_fni_daily_nf,4_food/cuisine,4_places/activities,4_movies or videos,4_restaurant,4_clothes,4_digital games,4_books or magazines,4_snacks or treats,plot_order,average_rug_unit,jitter_face,jitter_geometry,jitter_scenery,jitter_food,jitter_places,jitter_movies,jitter_restaurant,jitter_clothes,jitter_games,jitter_books,jitter_snacks,daily_line_order
P001,A025,3,Task 3,lab,0.5617647058823527,-0.9999999999999996,0.1573529411764705,-0.0936274509803921,0.875,0.3906862745098039,0,2,3,1,2,-2,1,0,0,-0.2981053716157297,-0.0958020996854228,0.0260360778881378,-0.0174533325184474,0.1009138458844271,-0.1017947862974492,-0.1091259284455675,-0.1318645813242894,0.0569789485805151,-0.1462438028248825,0.1419696619370872,-0.0203465499324574,19
P002,A026,3,Task 3,lab,-0.4955882352941176,0.3794117647058822,0.375,0.0862745098039214,1.5,0.7931372549019607,1,2,2,1,2,2,0,2,1,-0.7188244798753336,0.0385509542141622,0.0651536112026034,-0.0550957037901652,-0.0865782544586879,-0.0180633232362219,-0.0248568352346559,0.0285983743305959,-0.0654129582823271,0.0769634737618301,-0.046237416429498,-0.0203636862009623,25
P003,A027,3,Task 3,lab,0.1823529411764706,-0.0249999999999999,-0.1411764705882352,0.005392156862745,0.125,0.0651960784313724,1,-2,-1,-1,2,2,-2,2,2,0.7803384117661591,-0.0986121980550788,0.0688333204915417,-0.1077859200768649,0.0380895187111811,-0.1138648021138995,-0.0532821362933487,0.0127385511034784,-0.001253524425658,0.0090376996917565,-0.089546303182855,0.0902180171762033,-1
P004,A028,3,Task 3,lab,-0.1176470588235293,-0.8441176470588236,-0.6352941176470586,-0.5323529411764704,0.75,0.1088235294117646,2,-2,-1,1,3,0,1,2,3,-0.8262823475405355,-0.0688417492993037,-0.1155284967092782,-0.0683804881052021,-0.1386693778525187,-0.0651260861217363,0.0627830001819355,0.1443729070597955,-0.0949191315671249,-0.0351333134776605,0.1242227856501895,-0.1191841289471136,-1
P005,A029,3,Task 3,lab,-0.1602941176470588,0.8823529411764705,-1.9426470588235296,-0.4068627450980392,-0.875,-0.6409313725490196,1,-1,-2,-1,-2,0,-1,-1,4,-0.0241620985957359,0.0683233089132228,0.1045855750721663,-0.0014080550138782,-0.1473552865989304,0.1398120475204057,-0.1169638715237421,0.0445739590467634,0.0794282030847607,0.1152662133246866,-0.0048991479056681,0.0121889014335296,33
P006,A030,3,Task 3,lab,-0.8382352941176469,0.401470588235294,-0.6176470588235294,-0.3514705882352939,0.625,0.1367647058823529,-1,-1,-2,1,1,2,3,2,5,-0.9580076284181888,-0.0493955987538345,0.0715096338357212,-0.082705213800543,-0.1387457268858617,0.0686718105853273,0.109704270814173,-0.1198010407281578,-0.0922288926644899,-0.0127402212727544,-0.0410746854645388,-0.0841024411554344,13
P007,A031,3,Task 3,lab,-0.0308823529411762,-0.7102941176470589,-1.0382352941176467,-0.5931372549019606,0.5,-0.0465686274509803,1,-2,2,1,1,3,-2,0,6,-0.431615176420569,0.0865139409434188,0.0446942666622128,0.0990586509505858,-0.0358381393049216,0.1170212422718517,0.0797117578602282,0.024504836575917,0.1108057913320403,0.0463991719412856,0.0328064869439343,-0.0474125095409285,59
P008,A032,3,Task 3,lab,0.0558823529411763,-0.2411764705882351,-0.3647058823529412,-0.1833333333333332,1.5,0.6583333333333333,2,1,2,0,2,1,2,2,7,-0.1647899048924821,-0.0253638410514759,0.0336038912694359,0.0311148186563325,-0.0593145195116148,0.0456684772455085,0.1365637627157861,0.0350633169130512,-0.0774011055301966,0.0299670007908039,-0.1280791448951832,0.0090208307806569,-1
P009,A033,3,Task 3,lab,-0.5735294117647058,-0.7647058823529412,-0.0720588235294117,-0.4700980392156863,-0.875,-0.672549019607843,-2,1,-3,2,-1,-2,-3,1,8,-0.6038016020417496,0.052914490387072,0.0642621922529254,0.098648336531672,0.0337898598921778,0.0467606635804187,0.1072351967540697,0.1318223212594283,0.1326009736807972,-0.0174021334762193,0.0013761938986097,0.0618951418546304,-1
P010,A034,3,Task 3,lab,-0.188235294117647,0.0044117647058823,-0.2029411764705882,-0.1289215686274509,2.0,0.9355392156862744,2,2,2,2,2,2,2,2,9,-0.3921506928956488,-0.0354033216378177,-0.1064473897351588,-0.0654595537329182,0.0845597571644746,-0.1438998825613996,0.0065574605234008,0.1386395546758013,0.0758235938007047,0.0161999177696443,-0.1405811043970227,0.0342111150744638,-1
P011,A035,3,Task 3,lab,-0.2926470588235294,-0.5867647058823529,-1.3323529411764707,-0.7372549019607842,1.875,0.5688725490196078,1,2,2,3,3,2,1,1,10,-0.1404100575453609,0.0524547688110234,0.0277363832882043,-0.0731803663296009,-0.0728730495712782,-0.1451848762337913,0.0518585162658447,0.1119179004142363,-0.0689848803312175,-0.1328892657261185,0.0821848075823223,0.0240096128751253,-1
P012,A036,3,Task 3,lab,1.1,-0.4264705882352938,0.0926470588235294,0.255392156862745,-1.625,-0.6848039215686273,-2,-2,-3,-2,0,-1,-2,-1,11,0.1569127456677192,-0.0804362772888977,-0.0911374017018428,0.0158359700742334,-0.0638527843228186,-0.0070642319521363,0.1435170756619826,0.0811650671220094,0.1463440636525582,0.0891420904670728,0.0697742420002964,-0.0697139573685642,-1
P013,A037,3,Task 3,lab,-0.077941176470588,0.1102941176470588,-0.325,-0.0975490196078429,0.0,-0.0487745098039214,3,-1,-1,-2,1,0,-1,1,12,0.6534785839934149,-0.0261894439428063,-0.1161158846708794,-0.0825117645755599,0.0545582385413541,0.0421653593962414,-0.1019858050901753,0.06669716645389,-0.0891124994252506,-0.1276864637230411,-0.1480628370845722,-0.1412891586068867,1
P014,A038,3,Task 3,lab,0.6941176470588236,0.375,-0.8073529411764706,0.0872549019607841,1.5,0.7936274509803922,3,3,2,2,1,0,-2,3,13,-0.6241979047148347,0.0741352881796566,0.1115963975677989,0.0450125869275969,-0.1394799439100702,-0.1150699501509251,-0.12130191590319,0.0889036270666189,-0.0367268225151465,-0.1386817818529307,0.0274761035398408,0.0037895671617355,-1
P015,A039,3,Task 3,lab,0.0249999999999999,-0.0999999999999997,-0.277941176470588,-0.1176470588235294,0.5,0.1911764705882353,3,2,-1,0,0,0,-1,1,14,0.8242554928300647,-0.0098752892493078,-0.0323088891187029,-0.0489138283396819,0.0148377020065883,-0.0995371122798506,-0.0847702504759664,-0.0176885340713512,-0.090188842841849,0.0215534077283783,0.1383677627105665,-0.0880017412609482,65
P016,A040,3,Task 3,lab,-0.2749999999999999,-0.686764705882353,0.0661764705882351,-0.2985294117647058,0.625,0.163235294117647,3,3,2,-1,-1,0,0,-1,15,0.6852273879677768,0.1116604271344489,0.0700788119433381,0.0327418560861126,-0.1215155606213679,-0.0221853927786575,-0.0169385826857973,0.0514119159976963,-0.0236955272033564,0.1273710957540827,0.0618995287349071,-0.0779990417875471,57
P017,A041,3,Task 3,lab,-0.0308823529411762,1.411764705882353,0.4102941176470588,0.5970588235294118,-0.75,-0.0764705882352939,-2,1,-3,-1,-2,-1,0,2,16,0.947135670491545,-0.0792774444618757,0.0235547353138469,-0.1215326313063507,-0.0631135644037763,-0.1263724487114641,0.0072221506817038,-0.0316764775213254,-0.0914617216164073,-0.1390901112326734,-0.0955350728769349,-0.1346867826453944,60
P018,A042,3,Task 3,lab,-0.4764705882352942,-0.2352941176470587,-0.1235294117647058,-0.2784313725490195,0.0,-0.1392156862745097,-1,-1,-1,1,2,3,-1,-2,17,-0.2488793244822218,0.0873709282221015,-0.0108277550847033,0.1009535003756817,0.0143142859110682,0.1245723331985182,0.0312733144869841,-0.1109467010037954,-0.0547324235347523,-0.0042405359671642,0.1056156570403354,0.0830533883943599,24
P019,A043,3,Task 3,lab,0.1558823529411765,-0.525,-1.4867647058823528,-0.6186274509803918,0.875,0.1281862745098039,-1,0,1,2,2,2,0,1,18,-0.9567440626750188,0.0878013791417048,0.1141446521377415,0.0816095872212845,-0.0320912347545617,0.1486461272640622,0.0835521371173784,-0.0709227817862758,-0.141637446868169,0.066097291778306,0.0183364489276869,-0.028001167530826,-1
P020,A044,3,Task 3,lab,-1.0588235294117647,0.7941176470588233,0.3529411764705882,0.0294117647058823,-0.625,-0.2977941176470588,-2,-1,-2,-1,1,1,0,-1,19,0.7160840532521273,0.0028927792151385,-0.0018309353810828,0.0255862344742258,-0.1042779834267263,-0.1054060238947863,-0.0824881354152736,0.1176937349305032,0.11645514999342,0.0182442689298078,-0.0148228266484245,-0.1482418792448967,16
P021,A045,3,Task 3,lab,-0.2691176470588235,-0.8544117647058824,-1.5661764705882353,-0.8965686274509803,0.375,-0.2607843137254901,2,-2,1,1,0,0,-1,2,20,0.561745152818461,-0.0907508565097544,-0.0820275525953478,-0.0567363804500217,-0.0901228088781357,-0.0778446823509851,-0.0684123466206782,-0.029951956684668,0.0635207509468116,-0.0712026413719824,0.0869416292183527,-0.0957901990988477,-1
P022,A046,3,Task 3,lab,-0.3426470588235293,0.551470588235294,-0.8749999999999997,-0.2220588235294115,0.125,-0.0485294117647058,-1,-1,1,-1,2,0,-1,2,21,-0.2370157996649573,0.0609208192230884,0.0738807393077288,-0.0773667293225738,-0.1080536077946745,0.0007629194912767,-0.0007894863725257,-0.1111144981914615,0.1437510657570322,-0.1321218390343565,0.1192488873652016,-0.1135001905349905,-1
P023,A173,5,Task 5,online,0.4627941176470588,0.1864705882352941,-0.9033823529411764,-0.0847058823529411,1.75,0.8326470588235294,2,3,1,3,2,3,-1,1,22,-0.1005629048704184,-0.0766083483498491,-0.0679241991286981,-0.1003108955179201,-0.1036134385767503,-0.1492834401423003,-0.0971828719442853,-0.0464206590599032,-0.1274244665570276,-0.0240273972938312,0.0125139171513277,-0.0738882972098091,26
P024,A174,5,Task 5,online,0.1676470588235294,0.261470588235294,-0.7011764705882354,-0.090686274509804,0.875,0.3921568627450979,2,-1,0,2,2,0,1,1,23,-0.2328220374343359,-0.0505418116626596,-0.0795498503312486,0.050769211336503,-0.0652489589719792,-0.0542085943133934,0.0707206636841856,0.1230990839757625,-0.0817517125189585,0.0187008801830532,0.00563218911243,-0.0183560920901838,14
P025,A175,5,Task 5,online,0.0270588235294117,-0.6695588235294117,-1.147205882352941,-0.5965686274509802,0.625,0.0142156862745098,0,0,0,2,2,0,0,1,24,-0.7711127834162678,0.1046906450767212,-0.0463918710524804,0.0553553866932533,-0.0029821560127727,-0.1057424510053015,0.1409940181507893,0.0836473952263386,0.0974556174331828,0.1279303081942687,0.0713156565582498,0.0365185617380843,-1
P026,A176,5,Task 5,online,0.7333823529411763,-0.405441176470588,1.0972058823529411,0.4750490196078431,-0.75,-0.1374754901960784,-1,-1,-2,-1,-1,0,1,-1,25,-0.7865392505582116,0.1115662867791208,0.0762639224090378,-0.0255908778117296,0.063624621698944,-0.0600335362544002,0.097107779008569,0.0070414122046429,0.0151490376294148,-0.1150653126623905,-0.0523249766116036,0.0260247071351282,-1
P027,A177,5,Task 5,online,-0.0177941176470587,-0.1483823529411764,0.0719117647058823,-0.0314215686274509,-0.375,-0.2032107843137254,0,-1,-3,-1,2,2,-3,1,26,0.6409738003241412,0.0742645704828388,0.0263310990308688,0.1167354455503229,0.1149870833085673,-0.0288008332653605,-0.023881424762126,-0.1017359062394212,0.0596077448100686,0.0214396801636635,0.076729187014188,0.0656623150451863,-1
P028,A178,5,Task 5,online,0.2473529411764705,0.093235294117647,-0.3057352941176468,0.0116176470588235,1.375,0.6933088235294118,2,2,1,2,2,0,1,1,27,-0.2580534658262586,0.0773939527513221,0.1066982796673625,0.066930744167331,0.0494242711517813,-0.1270532632070008,0.042692412471833,-0.0674092248584619,0.1447748314306315,-0.0386501052385997,-0.128183816648473,-0.1481092735741657,-1
P029,A179,5,Task 5,online,0.6467647058823529,0.3610294117647058,0.3742647058823527,0.4606862745098038,2.375,1.417843137254902,3,2,2,2,3,2,2,3,28,-0.1676775165568663,0.0200261156492526,-0.0460857567228123,0.0658533507492602,-0.0077864271127344,0.0630794601865889,0.0852579474198705,0.1144748033034993,0.0201388843003541,-0.1241985032915146,-0.1099037385590111,-0.1477750692658944,52
P030,A180,5,Task 5,online,-0.5397058823529411,0.5820588235294117,0.1726470588235292,0.0716666666666666,-1.125,-0.5266666666666667,1,-1,-2,-2,-2,1,-2,-2,29,0.6557503040744153,0.1037288215323664,0.0498932887001383,0.1086440850392812,0.1259870312680707,0.1298922194850412,-0.1301323986513053,-0.0362721780558925,0.1492338170164918,-0.0078357722320639,-0.0877656819658433,-0.0058443607499665,7
P031,A181,5,Task 5,online,0.68,0.2019117647058822,-0.3052941176470588,0.1922058823529412,0.625,0.4086029411764706,2,2,-2,0,-1,0,2,2,30,-0.7515260907801727,-0.068272653046816,-0.092082809147227,0.0636538409626529,-0.0651530022970489,0.0521681622158408,-0.1035245496950058,0.1114860462681966,0.0204722403340448,0.0451719249254265,-0.0338245397447805,0.1299927779661173,0
P032,A182,5,Task 5,online,-0.0555882352941175,0.617205882352941,-0.3685294117647058,0.0643627450980392,0.5,0.2821813725490194,1,2,-1,-2,2,0,0,2,31,-0.3165747652159245,-0.0670249820312819,-0.1028540449263631,0.0123096644460828,0.0554002052715407,0.1468001505384087,0.0728245999117729,-0.0119194067608867,0.1363514200260869,-0.0776607945586454,0.0931344258836949,0.1183605573388193,41
P033,A183,5,Task 5,online,-0.1723529411764706,0.5380882352941176,-0.458970588235294,-0.0310784313725489,1.625,0.7969607843137255,2,2,1,2,1,1,2,2,32,0.0850348618414061,-0.0233874754881517,0.0709452372707592,0.0158472635041643,0.0896907599159599,-0.0070072721144075,0.1349807086567108,-0.0714690972219979,0.0852737047438963,-0.1496974852603177,0.0465181346057437,0.1439005054103514,-1
P034,A184,5,Task 5,online,0.4122058823529409,0.2477941176470588,-0.1158823529411763,0.1813725490196078,0.5,0.3406862745098038,2,-1,2,1,-2,2,1,-1,33,0.2173468564117503,0.0373787648574847,0.048286105136057,-0.1277149802546045,-0.0213693187989336,0.0209224379814551,-0.0610379857946838,-0.0640372041502755,-0.0961044248790792,0.048154574564882,0.0818308157749352,0.0074587013694746,-1
P035,A185,5,Task 5,online,0.2026470588235295,0.6483823529411764,0.3038235294117647,0.3849509803921568,1.625,1.0049754901960783,2,3,-1,2,3,-2,3,3,34,-0.9600895782624422,-0.0618508460569339,0.1144937458363552,-0.0092804884583263,-0.0240015661392363,-0.0351484281926048,0.0581377547821683,-0.0981361613720846,-0.1345771746019082,-0.0368572350712339,0.0492002557980811,0.0430448013077315,-1
P036,A186,5,Task 5,online,0.2874999999999999,0.1705882352941176,-0.1208823529411764,0.1124019607843137,1.375,0.7437009803921568,2,2,-2,1,2,2,2,2,35,-0.1329859951643651,-0.0347059355656327,-0.0559223396402393,-0.0478114753103111,0.0714532559706514,-0.0656018153895892,0.0218867536323785,-0.0277335724375616,-0.1373433856270284,0.0981163749529954,0.0274520767250639,0.0098367024715652,-1
P037,A187,5,Task 5,online,0.2919117647058823,0.9841176470588237,0.0152941176470588,0.4304411764705882,0.125,0.2777205882352941,-2,-2,3,-2,3,-3,3,1,36,0.4677816978546778,-0.1005748168374373,-0.0732302925900002,-0.0823284016350582,-0.0417722993973871,0.0437219278689107,-0.0585636215317079,0.0476673557951666,-0.0594951574863136,-0.0828917706138325,0.071709632755489,0.1205486883353999,-1
P038,A188,5,Task 5,online,0.3119117647058822,0.6476470588235294,0.1930882352941175,0.3842156862745098,0.875,0.6296078431372549,2,-3,1,2,0,2,0,3,37,-0.6058452741115425,-0.0024951057183175,-0.04547550911102,-0.0511373562906944,-0.0229416156037089,0.0909097332603659,-0.1354024479375713,0.1047031265662518,0.0807275059413156,0.1379595368503727,0.117485596124815,0.0548937003765416,-1
P039,A189,5,Task 5,online,0.5779411764705881,-0.7661764705882353,-0.5552941176470589,-0.247843137254902,0.0,-0.123921568627451,0,0,0,0,0,0,0,0,38,0.389113719985588,-0.0004126031124949,0.0935021154548199,-0.0954633435245685,-0.0686095784881655,-0.103570095937151,-0.0227543109896914,-0.0733770535054325,-0.006109389347286,-0.0329648045289065,0.0518654875080584,-0.0950487630890648,-1
P040,A190,5,Task 5,online,0.338676470588235,-0.4469117647058821,-0.1033823529411764,-0.0705392156862744,-0.5,-0.2852696078431372,-1,-1,-2,-1,2,1,-1,-1,39,-0.5740553546136588,-0.0731675798056193,-0.0209342026637723,-0.0807850608522206,-0.076715671372898,-0.1017227839867194,0.0916667377164209,0.0379313185774625,-0.0101066673370499,0.1219751128011417,0.0424022201968754,0.0333149121059815,6
P041,A191,5,Task 5,online,0.1692647058823529,-0.822941176470588,0.8238235294117646,0.0567156862745097,1.5,0.7783578431372546,2,1,1,2,1,1,2,2,40,0.76202184814503,0.1068531267630338,0.0360201796288601,0.0729291882820462,0.0156375447164163,0.008769900752834,0.0218440346443047,-0.0060875492150153,-0.0205802476725256,-0.0129697094938581,-0.0821102440230988,0.0534272766949192,-1
P042,A192,5,Task 5,online,1.0001470588235295,-0.4160294117647058,0.1020588235294117,0.2287254901960784,-0.375,-0.0731372549019606,0,0,0,0,0,0,-3,0,41,0.303002638029407,-0.0741684470612375,-0.1205159855596439,0.0895998000758227,-0.0721889447897366,0.1140841875092646,0.0215332432984546,-0.1249276612221813,-0.0464598667602078,0.1378159720914811,-0.086476784855176,0.0471082918769386,10
P043,A193,5,Task 5,online,-0.6589705882352942,0.983970588235294,-0.2620588235294116,0.0209803921568626,-0.75,-0.3645098039215686,3,-2,-1,-2,-2,-1,-1,0,42,0.369501807522271,-0.0009286264557992,-0.0694968731461188,-0.1075902410388971,-0.0213390744485505,0.0542256796587509,-0.0027194234873693,0.1396733135840322,-0.1249860229794359,-0.1440477882855194,0.1046113467381229,-0.098129129401091,-1
P044,A194,5,Task 5,online,0.0320588235294117,0.1844117647058823,0.2291176470588235,0.1485294117647058,-0.5,-0.1757352941176471,-1,-1,-1,1,1,0,-2,-1,43,-0.9619189745383102,0.038231615977169,-0.1261781259619932,0.0137045471622222,-0.0878612827853468,0.0485447042756574,0.1073018842835619,0.0113139411262544,-0.0833192132785706,-0.0689536133676467,-0.014706230132844,0.0381801479353452,69
P045,A195,5,Task 5,online,0.9185294117647058,1.071323529411765,0.2852941176470588,0.7583823529411765,0.25,0.5041911764705882,0,3,-2,0,3,-2,-2,2,44,-0.0539621433505597,0.0413745715730884,0.0891556030055089,0.1182129634609666,-0.1487134914410367,-0.0342460926202345,0.125207818148968,-0.1108025752419748,0.1203182667911474,-0.1276926758963918,-0.0393626324679635,-0.0459223142545812,20
P046,A196,5,Task 5,online,-0.3813235294117646,-0.168970588235294,-1.0624999999999998,-0.537598039215686,-1.125,-0.8312990196078431,-2,-2,0,-1,-1,-2,1,-2,45,0.6515787623350326,0.0319671824548413,-0.0295857895788123,-0.0993656176516416,-0.0116108669555603,0.0770684529342478,-0.1436015324872627,-0.0819643912374293,-0.0799200269937846,0.1238934202460802,0.0742146919790448,-0.103625063848532,-1
P047,A197,5,Task 5,online,0.3147058823529411,-0.3179411764705882,-0.5452941176470588,-0.1828431372549018,0.75,0.283578431372549,2,2,-2,-1,3,2,-2,2,46,0.459925206526086,-0.0490283137224536,-0.1173750912555379,-0.1153453792261414,0.0319753540971189,0.0436992033882685,-0.1493474922780685,0.0072642942790248,-0.0040115584860804,0.0581931865936858,-0.0449203461609263,-0.1379931252863161,-1
P048,A198,5,Task 5,online,-0.0091176470588234,0.0136764705882352,-0.0183823529411763,-0.0046078431372547,0.0,-0.0023039215686273,0,1,1,0,0,-1,-1,0,47,0.8414772266911534,0.1092472157607535,-0.0891455630987497,0.1233541780497702,-0.0039679650504727,0.0032589570963874,0.0962217546848665,-0.1475273647342368,-0.0449912221856001,-0.1045926745634248,-0.0450029422298567,0.043556246821782,-1
P049,A199,5,Task 5,online,0.8269117647058823,-0.5117647058823529,-0.9692647058823533,-0.2180392156862744,-1.375,-0.7965196078431372,-1,-2,-2,-2,-1,0,-2,-1,48,0.6625490089817841,-0.0851752041398245,-0.1095386017703265,-0.0019148772652919,-0.0776788324394094,-0.006652343243663,-0.0978341355583554,0.0374704285211477,-0.0453455095966545,0.0764945501674517,0.030049655739118,-0.0513299451140031,44
P050,A200,5,Task 5,online,-0.0426470588235293,0.0095588235294116,-0.0510294117647058,-0.0280392156862744,1.875,0.9234803921568628,2,2,1,0,2,3,3,2,49,-0.3248395809264594,0.1184796842230516,0.1027749253212817,-0.0950833522759921,0.1046217884065604,-0.0027700297553502,-0.0591432420535374,0.0926831302673848,0.0282175039430336,-0.1072959956492503,0.098721592204132,-0.1358135723212096,-1
P051,A201,5,Task 5,online,0.1716176470588235,0.0897058823529409,-0.3438235294117644,-0.0274999999999999,1.875,0.92375,2,2,3,2,3,2,1,0,50,0.3871303666672725,0.1150300295742341,-0.0355384785252384,-0.1114748306713358,-0.139786149937107,0.1165647996631065,-0.069544253478989,0.1171246776748218,0.1475609312016907,-0.0203155238442678,0.0740072049889255,-0.0600883891934467,56
P052,A202,5,Task 5,online,-0.3236764705882351,0.553235294117647,-1.383970588235294,-0.3848039215686273,-1.375,-0.8799019607843137,-1,-1,-2,-2,-1,-1,-1,-2,51,0.4755962838308227,-0.0317701179520403,0.1060630364886504,-0.0033729672676097,-0.0918591214302583,0.0862238918468851,-0.0698358346075567,-0.0362290001217178,0.1104584770581193,-0.0326986252116599,-0.0200244815413774,-0.132866770549943,9
P053,A203,5,Task 5,online,0.7832352941176469,0.2280882352941175,-0.5257352941176469,0.1618627450980391,-0.625,-0.2315686274509803,1,1,-2,-2,1,-1,-3,0,52,0.887319864644226,-0.0213683257580583,0.0374833015420434,-0.0412336270227864,0.0044134366111442,-0.0130541758242204,-0.0212826830215467,-0.0635667622308909,-0.0224607400244349,-0.0533968479387326,-0.0330696659840606,0.0772969754362016,-1
P054,A204,5,Task 5,online,-0.0610294117647057,-0.4473529411764706,-0.5036764705882351,-0.3373529411764705,-0.375,-0.3561764705882353,0,0,0,0,-1,-1,-2,1,53,-0.1621608837273977,-0.0876165355124094,-0.062122038890799,0.0150818405951235,-0.1163849044223799,-0.0837211000267862,-0.094836817455313,0.0956367272157405,0.0624339230863696,0.0289516860501005,-0.0729240139905945,0.1200868169873789,-1
P055,A205,5,Task 5,online,0.9366176470588234,0.1114705882352941,-0.4111764705882353,0.2123039215686274,1.0,0.6061519607843135,2,2,2,0,2,-1,2,-1,54,0.285421280044692,0.0721805347942064,0.005976138895017,-0.0815473152181457,0.1156170342547993,0.0458753524074762,-0.0176550646717065,0.1228032594450016,0.1432460498045884,-0.046766075450277,0.0558140980654536,0.0736645490642041,-1
P056,A206,5,Task 5,online,0.095735294117647,0.4729411764705882,1.581470588235294,0.7167156862745095,0.625,0.6708578431372549,1,2,-2,2,-1,2,-1,2,55,-0.991968932731408,-0.0992308287190852,0.0720035142172427,0.1097727354461239,0.1137061380934916,-0.0587293063604421,0.007799472723307,0.0430570646362586,-0.1396970503542893,0.0838781325086006,0.1459192407558243,0.0898679580263851,-1
P057,A207,5,Task 5,online,0.1210294117647058,0.0435294117647058,-0.5401470588235293,-0.1251960784313725,0.5,0.1874019607843137,0,0,1,1,0,0,1,1,56,0.2564481029981409,0.116317611642428,0.0243252018880179,-0.0305611948471964,0.0628703615662287,-0.1267794613739768,-0.08630996074666,0.1211778590857391,0.0407138822563827,-0.1376976379922174,0.1408116619798787,0.0884260720330059,-1
P058,A208,5,Task 5,online,0.5347058823529411,0.4060294117647059,-1.043676470588235,-0.0343137254901959,0.375,0.1703431372549019,2,-1,-2,1,-2,1,3,1,57,0.3462465137407221,-0.0813723334811987,-0.0365562431816542,0.0574560232145718,-0.0699309338847436,0.122937603606251,-0.0423358406893247,0.0903754752610221,0.0882574462061865,-0.0801905761387401,0.1198320887435704,0.1442693636791757,32
P059,A209,5,Task 5,online,-0.1711764705882352,-0.565735294117647,-1.396764705882353,-0.7112254901960785,-0.5,-0.6056127450980393,-1,-2,-3,2,-2,2,-2,2,58,0.2281266636596519,0.0053124641878847,0.0192506165189032,-0.1202543464691031,-0.0090884060688641,0.1283725817796655,-0.0179357390432502,0.1273086677858276,-0.0006083581785726,0.0977657609536423,0.1138057321220407,0.1300674929261161,-1
P060,A210,5,Task 5,online,0.3030882352941176,0.1630882352941175,-0.5476470588235293,-0.027156862745098,0.25,0.1114215686274509,2,2,-1,-1,2,0,-1,-1,59,-0.6336476510946578,-0.0808543956422684,0.0778478101871136,-0.0842479294834077,-0.0293960139593233,-0.048691570446159,-0.0480187982309153,0.1268755778177957,-0.125856762534622,-0.1463602009114778,-0.0458651237198614,0.0434448104846466,50
P061,A211,5,Task 5,online,1.3576470588235292,0.0438235294117646,0.0758823529411764,0.4924509803921566,0.0,0.2462254901960783,-1,-2,-2,1,2,2,-2,2,60,-0.5683642854175593,-0.1035404450119885,0.0850920084009827,0.0306501267533892,0.0352872562214303,0.0002072497353115,-0.0768844884797875,0.0851931174611824,0.1144769126012093,-0.0754285594428582,-0.0269468796103316,-0.1011368319814484,35
P062,A212,5,Task 5,online,0.0730882352941176,0.4792647058823529,1.1079411764705882,0.5534313725490195,0.625,0.5892156862745097,2,2,-2,2,3,-2,-1,1,61,0.8665903562335175,-0.1082451795297526,-0.0109432136014106,0.0702150510544593,-0.0628339704674159,-0.1043817952289171,0.0070272083455456,-0.0449116414270969,0.0063463134971134,-0.0251620824675363,-0.005085677781215,0.0795778257542984,-1
P063,A213,5,Task 5,online,0.0755882352941174,-0.6038235294117646,-1.0525000000000002,-0.5269117647058824,0.5,-0.0134558823529411,2,2,-1,1,1,-1,-2,2,62,-0.6273574437239384,0.0253912651340078,-0.0608541829919245,-0.0366677578240175,0.1102801760796212,-0.0236169538829617,-0.1322812471943924,-0.0750081117380499,0.116539780855459,-0.1344901042170295,-0.1137209684119148,-0.0895520471624865,5
P064,A214,5,Task 5,online,0.388235294117647,0.7774999999999997,-1.04,0.0419117647058821,1.75,0.8959558823529411,2,2,2,1,2,1,2,2,63,-0.4224964201519513,0.0345783134709945,-0.0633440959080172,-0.1051306639404658,0.0070430074347501,-0.0202083654681597,-0.149206361204855,0.0482559522977051,-0.0260500276332025,0.0637776686962577,-0.1157438158717692,0.0022599077848814,63
P065,A215,5,Task 5,online,0.0005882352941174,-0.0352941176470588,-0.3952941176470588,-0.1433333333333333,1.25,0.5533333333333333,2,2,-1,3,3,2,0,-1,64,-0.6631609376536511,-0.087588526224321,-0.0559129228801864,0.052678444622196,-0.1085908207953641,0.0061800533725985,0.0683137045342562,-0.1041203146185805,-0.1144422336830762,-0.0456335873451909,0.1337221527907349,-0.0374570874490251,17
P066,A216,5,Task 5,online,0.1429411764705882,0.1467647058823529,-0.6852941176470588,-0.1318627450980391,0.875,0.3715686274509804,2,2,-1,-1,2,2,-1,2,65,-0.4370374423811291,0.0240811259564992,-0.0910914549770072,0.0951057389927199,0.084699261794191,-0.1328136792599212,-0.0870039938813357,-0.0467394159823609,-0.0506929420349932,0.1381277967569669,0.0063154852414828,0.0588818964867424,38
P067,A217,5,Task 5,online,0.6397058823529411,1.411764705882353,-0.7573529411764705,0.4313725490196079,1.25,0.8406862745098039,2,2,-2,2,2,2,0,2,66,-0.3523975025231547,-0.0486575048257308,-0.1100300232521304,-0.0668932803939008,0.0356705982978463,0.1238340830885197,-0.1371793190214059,-0.0272877123367384,-0.14628474862721,0.1471252522465884,-0.0586348719630985,-0.0594952828832419,-1
P068,A218,5,Task 5,online,0.2205882352941176,0.4263235294117647,-1.2547058823529411,-0.2025980392156862,-0.125,-0.1637990196078431,1,2,-2,-1,2,0,-2,-1,67,0.7047503808566615,0.1174893606536178,-0.1129659442411316,-0.0335703717800919,-0.1026784484496789,0.0893998905759632,-0.0238041519022304,0.0618691048082027,-0.0906957034343301,0.0815651931755868,0.0990401292046075,-0.0933076275399651,23
P069,A219,5,Task 5,online,1.0070588235294118,-0.6348529411764705,0.2998529411764706,0.2240196078431372,-0.125,0.0495098039215685,2,-2,-2,1,2,-2,-2,2,68,-0.991560681399684,-0.0721323094013012,-0.0231597608656103,0.0489078686900282,-0.1472624625805945,-0.016387749223042,0.0768783032075441,-0.0359627878049091,-0.0267082600238995,0.0650355969662622,-0.0753327380401934,0.1404629989956068,39
P070,A220,5,Task 5,online,-0.133970588235294,0.3232352941176471,0.6220588235294116,0.270441176470588,1.0,0.6352205882352941,2,1,1,0,0,2,1,1,69,-0.6914284125009202,0.0355224389583774,0.0356065427814769,-0.0857916781960127,-0.0607680462133758,-0.0729695237660435,0.1155189961691765,-0.0697769970977459,0.1398216469306562,0.1127002455341523,-0.050582456139333,0.0439396350296739,-1
P071,A221,5,Task 5,online,0.8616176470588233,0.9345588235294116,0.564705882352941,0.7869607843137251,1.875,1.3309803921568626,3,3,3,1,-2,2,3,2,70,0.9212210080441132,0.127296074351735,0.068370371335785,0.0800911901071307,0.1040260287155161,0.0350219336689475,0.1327842189161413,0.1473819165334447,0.1454688055691792,0.101185510544052,-0.0695910790866924,0.0057697264951798,28
P072,A222,5,Task 5,online,0.3227941176470586,-0.7919117647058823,-0.3702941176470587,-0.2798039215686273,0.625,0.1725980392156862,2,2,1,-1,0,2,0,-1,71,0.326783604646016,0.1085359775511603,-0.0978710028557447,-0.0338990137424615,-0.1095150274468287,-0.1245133513955872,-0.081681023439792,-0.085551760801389,0.1035120482664993,-0.102494646503328,-0.1284434852223514,0.127681913290405,11
P073,A223,5,Task 5,online,-0.4377941176470587,-0.6030882352941174,-0.4055882352941175,-0.482156862745098,2.0,0.7589215686274507,2,2,2,2,2,2,2,2,72,0.3329428355120118,0.0557248723612958,-0.0185056250895883,0.0815726323054205,-0.0594304819092819,0.1055781138997554,-0.1375001505325929,0.1076654644071761,0.0723100629110235,-0.0076722114099151,-0.0068491564744752,0.0763550078789422,-1
P074,A224,5,Task 5,online,0.3148529411764706,-0.4333823529411762,-0.7616176470588234,-0.2933823529411763,-0.375,-0.3341911764705881,1,-2,-3,-3,2,2,1,-1,73,-0.0062310854968736,-0.0789233522500019,-0.0353890029384889,0.0900189628575086,0.059718036503577,-0.1406245942940446,-0.1145887446350882,-0.0351890852782821,-0.1106815876842645,0.1446128828160609,-0.1273979853349102,0.1121582908506242,-1
P075,A225,5,Task 5,online,-0.0833823529411762,-0.3344117647058823,-0.4866176470588236,-0.3014705882352941,-1.625,-0.9632352941176472,-1,-2,-2,-1,-2,-1,-3,-1,74,0.2851198025118155,-0.1250095024940028,-0.0970959373440603,-0.1108307034875499,-0.1354933152657545,0.1390584546016304,0.1157916412428803,0.1362649669354242,0.0703633518566156,-0.0988007261796234,-0.1346937073323377,0.0072495405188448,-1
P076,A226,5,Task 5,online,-1.86,-0.1526470588235293,-0.4258823529411763,-0.8128431372549018,2.0,0.593578431372549,2,2,2,2,2,2,2,2,75,0.0751638117192849,-0.0207411655516909,8.689615081838076e-05,-0.0936555498355944,0.0533743617129319,-0.0724423854389054,-0.0239635986978017,0.1014125116845835,0.0284608831481442,0.0983964547829083,-0.020817723544629,-0.0817552176562245,55
P077,A227,5,Task 5,online,-0.2958823529411763,-0.2486764705882353,0.0208823529411764,-0.1745588235294117,0.625,0.225220588235294,2,0,1,-1,2,-1,0,2,76,0.1895354509118343,-0.0556254294814945,-0.0298649779009773,0.1257582331343855,-0.0787688576534169,0.0455129130215913,-0.0202287981737135,0.0966515948459291,0.1485186248160846,-0.0352717890149577,-0.1245670151840853,0.1345915585028041,49
P078,A228,5,Task 5,online,0.3841176470588235,0.8522058823529411,-0.9557352941176472,0.0935294117647058,-0.25,-0.078235294117647,-1,-1,1,-1,-2,1,-1,2,77,-0.2253098716405591,0.1286159501453569,-0.0203446959148753,0.0170522714977386,-0.1309238114243311,0.0444666822322532,0.081923019086704,-0.1289512762272103,0.1374627159415859,-0.121818559590457,0.115097732433479,-0.112205473084578,-1
P079,A229,5,Task 5,online,-0.4147058823529409,0.2519117647058822,-0.801176470588235,-0.3213235294117646,0.75,0.2143382352941176,3,3,-2,3,-1,3,-2,-1,78,-0.5968765142308916,0.0863862800700528,-0.0268304569876266,0.0787721146400515,-0.0619877137099988,-0.0385813159129679,0.1163821223330062,-0.0837608438399189,0.0932790711184147,-0.1144542815796378,0.0233710944178947,-0.0083224335818474,2
P080,A230,5,Task 5,online,0.4391176470588235,-0.2745588235294118,-0.4276470588235293,-0.0876960784313725,1.625,0.7686519607843137,2,2,2,2,-2,2,2,3,79,-0.1406008796910087,-0.0180932242680711,-0.0180662231738761,0.1107098972096965,0.149704286492187,-0.0721415379426179,-0.0487196553277505,-0.0376603487140442,-0.051523046877334,-0.1374252643065662,-0.0703897310789498,0.133470026353082,51
P081,A231,5,Task 5,online,0.193235294117647,-0.1848529411764705,0.0479411764705882,0.0187745098039215,-0.25,-0.1156127450980392,-1,-2,0,-1,1,0,-1,2,80,0.0420020814263806,0.044608677178445,0.0315062221866282,-0.1285162010465631,-0.1247954736952944,-0.0844656026390804,-0.0393793851754712,-0.007074194805364,0.030165787331795,0.1289975899852371,0.103793531363152,0.0138010698616714,-1
P082,A232,5,Task 5,online,-0.2642647058823526,0.0702941176470587,0.0123529411764705,-0.0605392156862743,2.5,1.2197303921568627,2,3,3,3,3,2,2,2,81,0.9496037100429569,-0.1132912145815612,0.0460764789723778,-0.0063033945181047,-0.1382064814600974,0.0898200260486932,0.1204845849847538,-0.1311764612833401,-0.1409597377842793,0.0720112783020487,-0.1479436383012011,-0.1404204513701312,54
P083,A233,5,Task 5,online,0.2013235294117646,-0.0838235294117647,-0.5223529411764704,-0.1349509803921568,0.25,0.0575245098039215,-1,-1,1,-1,1,2,0,1,82,0.0188853348693327,-0.0539329398363185,-0.0245589115136232,0.0423272697162185,0.1308408396783735,0.0003954282212464,0.1324343088269796,-0.1424612066129414,-0.1039908496783419,0.0352582215368466,-0.0897142269269611,-0.0677030388833996,-1
P084,A234,5,Task 5,online,0.6160294117647059,-0.6848529411764706,-0.691764705882353,-0.2535294117647057,-0.875,-0.5642647058823527,-1,-3,-2,-1,-1,1,1,-1,83,0.5463853344122576,0.0343678112347787,0.0335371457258875,0.1148835702724923,-0.1281414909353305,0.095678699014416,-0.0087964110399783,-0.0119573980728509,0.1274898132326645,-0.1016604596965797,0.1361890704863799,0.100267593733035,-1
P085,A235,5,Task 5,online,0.065735294117647,0.0733823529411763,-2.2794117647058822,-0.7134313725490194,-1.25,-0.9817156862745096,-1,-2,-2,-2,-2,-1,0,0,84,0.8148275801927323,-0.0230758845226727,-0.1178530804237238,0.0851893765225297,0.0152796331659253,0.1363870452461943,0.120532838076385,-0.0557061617461077,-0.1153505975882274,0.0719041951613142,0.0608021323147649,0.1309690284451758,-1
P086,A236,5,Task 5,online,0.4354411764705882,-0.123235294117647,-0.4070588235294118,-0.0316176470588235,0.375,0.1716911764705882,1,2,-1,-1,-2,1,2,1,85,-0.7574111084558715,-0.0933944696849167,-0.0795787376985891,0.1045123773729829,-0.0781797473823594,-0.0257143819628323,0.1398358117086377,0.02584119169895,0.0971108216065359,0.1018124589114142,-0.1059076807846791,-0.1339477616436957,12
P087,A237,5,Task 5,online,0.0805882352941175,0.6655882352941174,0.1026470588235294,0.2829411764705882,1.875,1.078970588235294,1,2,3,2,1,2,2,2,86,0.8216080357935786,0.059197239580985,0.0355140393760634,0.1211653764517666,-0.0560415042812391,0.1419111025014807,0.0384385728393029,0.0687990577801805,0.1150666739522061,0.1101199114892385,-0.0979648271832705,-0.1053046669411315,22
P088,A238,5,Task 5,online,0.6538235294117645,0.4477941176470586,0.4444117647058822,0.5153431372549017,0.125,0.3201715686274507,1,-1,-1,-1,-1,0,2,2,87,-0.3967091907949107,0.1228354741817154,0.0417707187486724,-0.1150295486663256,-0.0195946626735328,0.1446105207964067,0.1118950032747021,0.0903377432999624,-0.1335376447004716,-0.0118585064102704,0.0842398788331526,-0.0650126765774135,18
P089,A239,5,Task 5,online,0.5439705882352939,0.2799999999999999,-0.5339705882352938,0.0966666666666664,-1.0,-0.4516666666666666,-1,-1,-2,-1,-1,-2,-1,1,88,-0.5319828798056917,0.1072611936304492,-0.0886753439333972,0.082907930149121,-0.0728412105583814,-0.0494863046689804,-0.0305799382027579,0.1061071714540842,-0.0686251459420861,0.0258631877322457,0.1371625533295401,-0.1037813634606929,-1
P090,A240,5,Task 5,online,0.394705882352941,-0.5483823529411764,0.3054411764705882,0.0505882352941176,1.0,0.5252941176470588,2,0,-2,2,2,2,0,2,89,0.1668678434705863,0.0536941646785299,-0.1098025075219808,0.0744043868409688,0.1297624921704004,-0.1028673096368797,-0.0613274168850816,-0.0036982068596347,0.058859697449014,-0.1419706429240104,-0.0458147993545481,0.0419084246616812,37
P091,A241,5,Task 5,online,0.0620588235294117,-0.1629411764705882,0.2017647058823529,0.033627450980392,0.125,0.0793137254901958,-1,-1,0,1,0,1,1,0,90,-0.7491504879506654,0.0638234796143141,0.1237039006584305,-0.1281682112350459,-0.1104293382735882,-0.00665276879336,0.0569091300427286,0.1041613900679592,-0.0174604977918182,-0.1360832711180099,0.0336753397673755,-0.1213827756934396,-1
P092,A242,5,Task 5,online,1.1557352941176473,0.2794117647058823,1.1570588235294117,0.8640686274509802,0.875,0.86953431372549,-3,1,1,2,2,-1,3,2,91,-0.9404471844177587,-0.0413299414438028,-0.1035691209184718,-0.0691011096855112,0.0495774207933385,0.1423204588119824,-0.1315330691612507,-0.0206770746821398,0.0444893502081301,-0.0331330242539968,-0.1152842154677072,0.026052450399629,-1
P093,A243,5,Task 5,online,-0.0426470588235293,0.7885294117647059,-0.1016176470588234,0.2147549019607843,1.5,0.8573774509803922,2,2,0,2,1,1,2,2,92,0.92655429032027,-0.1258764865821996,-0.1247993224081977,-0.0590949519192739,0.0077653285240503,0.1180583012400509,-0.1270187769303513,-0.1404471509186534,0.0258149143828201,0.131354809379318,0.0130361010580071,0.1007183467509029,-1
P094,A244,5,Task 5,online,-0.1197058823529412,0.4201470588235293,-0.2219117647058823,0.0261764705882352,0.75,0.3880882352941176,2,1,-2,3,3,-2,-2,3,93,0.7304804317629334,0.0965342652571296,-0.0979930851563514,-0.0647372403253383,0.1145710543984783,-0.0321450837625833,0.104690185829896,-0.0012464025359129,0.0490761137621825,-0.0295521511036275,0.0260926049536472,-0.1075282093034882,-1
P095,A245,5,Task 5,online,-0.1041176470588235,0.1516176470588235,-0.227205882352941,-0.0599019607843137,1.375,0.657549019607843,2,2,-1,2,2,3,0,1,94,-0.6032495765857262,0.1116850918389338,-0.0508811918274596,-0.0446751171744909,-0.0991903490379923,0.069712946243547,-0.0933707937231939,0.0599608026956229,-0.0192253919018545,-0.0155836780947682,0.078069303169,-0.0665743025959336,-1
P096,A246,5,Task 5,online,0.6536764705882353,-0.3717647058823527,-0.6477941176470587,-0.1219607843137254,1.0,0.4390196078431372,0,2,-2,2,2,2,0,2,95,0.7920482875382892,0.0563594737170182,-0.0680185152126793,0.0425363705569979,-0.0408503687717524,-0.0673558026743834,-0.0609294732175496,-0.0494969737561206,-0.1442850128012314,-0.0437233843823885,0.1409522519566091,0.1316002438559384,47
P097,A247,5,Task 5,online,0.4091176470588234,-1.9025,-1.811029411764706,-1.1014705882352942,1.875,0.3867647058823529,3,1,-2,2,3,3,2,3,96,-0.9356297503913574,-0.1045323097017992,0.0652152355188165,-0.0262307533641733,-0.1051239996412678,0.0341258182638448,-0.0091201798017839,-0.0165325193903641,0.1391032402988431,-0.0686805368418675,0.0756389982007797,-0.0832220396879981,-1
P098,A248,5,Task 5,online,-0.1955882352941175,-0.3769117647058822,0.7811764705882352,0.0695588235294117,-1.125,-0.5277205882352941,2,-2,-3,-1,-2,-2,-2,1,97,-0.6088652366632916,0.0845118430001153,-0.0732911824285957,0.0617912274644907,0.0610183586228216,-0.0973785310726889,0.0186006046737015,0.0832141549322532,-0.0579084102248544,-0.0056163417971668,-0.1194062256585091,0.1020209632483365,3
P099,A249,5,Task 5,online,-0.0045588235294117,0.8769117647058821,0.1327941176470587,0.335049019607843,-0.875,-0.2699754901960784,0,0,-2,0,-2,-2,-3,2,98,-0.0358819524948192,0.0461379087240538,-0.0572058340300876,0.112010811037958,-0.0170794419580907,0.020370622400606,0.1099403685365386,0.0961504306680767,0.0726767375175338,-0.023630363861223,0.0757065844103194,0.0682450017200092,66
P100,A250,5,Task 5,online,0.7338235294117647,-0.4013235294117645,-1.2017647058823533,-0.2897549019607841,-2.25,-1.269877450980392,3,-3,-3,-3,-3,-3,-3,-3,99,-0.331013621378262,-0.0957961209214474,0.0644104271030802,-0.1038972518433561,-0.0876975783412396,0.0063543759734493,-0.1472954580517441,0.0349970619541778,-0.0252134491476394,0.1492687040992389,-0.1424923434625386,0.1069512849679027,-1
P101,A251,5,Task 5,online,-0.1326470588235294,-1.6913235294117646,-0.8974999999999999,-0.907156862745098,-1.875,-1.3910784313725493,-1,-3,-2,-2,-2,-3,-3,1,100,0.4445474276515222,-0.0196390988141121,-0.0731150362753359,0.0477474949770127,-0.1261572866627019,-0.0919279417359027,0.0490118708040264,0.1153617752776423,-0.012326040892143,-0.0294021772865167,0.0915075533649239,-0.0149048552082734,-1
P102,A252,5,Task 5,online,0.6707352941176468,-0.5222058823529414,-0.4263235294117647,-0.0925980392156861,0.875,0.3912009803921567,2,1,-1,2,0,3,-1,1,101,-0.2996978729107093,0.1127915595464032,0.0801809687304878,0.0642276931328733,-0.078297385520947,0.0854782256754328,0.0608690606181156,-0.120150296432963,0.0469535332144661,-0.0737399201273007,0.1067922165939133,-0.1196465276858131,-1
P103,A253,5,Task 5,online,0.460735294117647,-0.0602941176470587,-1.0473529411764708,-0.2156372549019608,1.25,0.5171813725490196,2,3,-1,-2,2,1,2,3,102,0.2067300211162717,-0.0923696455785354,0.0454371613313235,-0.013613960231603,-0.0070905803710954,-0.1333997673747776,0.0224141025993785,0.1410930947693057,0.1023637253478675,-0.0083148389377604,0.0894859369249423,-0.0401927827066011,8
P104,A254,5,Task 5,online,0.5474999999999998,-0.1376470588235294,-0.3199999999999999,0.0299509803921567,0.5,0.2649754901960784,2,1,-2,1,2,1,-2,1,103,-0.6570274946217814,-0.0127512762071922,0.0285037676431162,0.1151475253074325,0.1054326252442233,0.0596116100181705,0.0248499431979841,-0.0793120875769792,0.1155058535152414,-0.105180929233917,-0.0333425654729737,0.1313052596363727,-1
P105,A255,5,Task 5,online,1.1597058823529411,0.3429411764705883,0.876470588235294,0.7930392156862744,0.0,0.3965196078431372,2,-1,-3,2,-2,2,-2,2,104,0.3995064365138509,-0.1243535328425357,-0.0598801689606177,-0.0904971924970452,-0.0564605363391122,-0.0808379105322459,-0.1014299517688689,-0.0272458208397848,0.1071632089277575,-0.0075879493362458,-0.0286161794329454,0.0427635809822499,42
P106,A256,5,Task 5,online,0.4472058823529411,0.5210294117647057,0.4816176470588233,0.48328431372549,0.625,0.554142156862745,1,0,2,2,-1,1,-2,2,105,0.7800049077699822,0.0278451496979768,0.1120082147917431,-0.0787825962444606,-0.0689458243618159,-0.0235853113029102,0.0298159976181931,0.1407222228054035,0.0424525670204915,0.1187103601842597,-0.1057414351250347,-0.0996105381868314,67
P107,A257,5,Task 5,online,0.7595588235294117,0.3176470588235292,0.1569117647058823,0.4113725490196076,0.5,0.4556862745098039,2,2,-3,-1,0,3,2,-1,106,0.4598636409917168,0.0291479274613326,-0.1180042779760535,-0.0795432145931111,0.144810868619176,0.0667528627647494,0.0542551127608226,0.0519214786121572,-0.0298374521504435,-0.0518620095560268,-0.0885426353312794,-0.0090564901370151,-1
P108,A258,5,Task 5,online,0.1324999999999999,-0.3973529411764705,-0.3699999999999997,-0.2116176470588234,1.75,0.7691911764705882,2,2,1,2,1,2,2,2,107,0.4723506684185909,0.0082048512559707,0.0984607259003399,0.0794279824600386,0.0134340420117989,0.0893809679049886,0.00586584392267,0.1062090421256697,-0.0490799304429596,-0.087387994237211,0.1426653451898652,0.0265900664866094,-1
P109,A259,5,Task 5,online,0.5145588235294118,-0.0222058823529411,0.1091176470588235,0.2004901960784314,-0.375,-0.0872549019607841,1,-2,-2,-2,-2,2,2,0,108,-0.7757225311842708,0.090540461369952,-0.059520834529483,0.1193220732507012,-0.0713534468034579,-0.0437029411605502,-0.0917803445347154,-0.1008304072989952,-0.1193583661038836,-0.1092025010062451,0.0356534843815349,-0.112000916602701,-1
P110,A260,5,Task 5,online,-0.2492647058823528,-0.2201470588235293,0.2377941176470587,-0.0772058823529409,3.0,1.4613970588235294,3,3,3,3,3,3,3,3,109,-0.5615827057340003,-0.0846485488158213,0.0303491289871886,0.0671561676722809,-0.0988025197786011,-0.1204218391155813,0.06416568910345,0.0911790153128436,0.1073309546018304,0.149937590602907,0.0325462998414922,0.0158980674011745,61
P111,A261,5,Task 5,online,-0.3027941176470587,1.1592647058823526,-0.5075,0.1163235294117646,1.25,0.6831617647058823,2,2,2,2,1,0,-2,3,110,0.3547622467600457,0.0498121368857041,0.0634228127866569,-0.1297705445525737,-0.0454195171884871,0.0162300950115145,0.0181871046894614,0.1157000388986027,-0.1114590054313706,0.0152078169954903,-0.1271220163345843,-0.0722110321101248,-1
P112,A262,5,Task 5,online,0.2533823529411765,-0.164705882352941,0.0210294117647059,0.0365686274509803,0.125,0.0807843137254902,2,1,-2,-1,-1,2,-2,2,111,-0.1548079568588973,0.0193663727990796,0.095032897099023,-0.0476602811310224,-0.1311294311720533,-0.1490846510003271,0.1064849880835661,0.1055085790844594,0.1197877337059569,0.1470687348221667,-0.0047087560366344,-0.0195618412256544,-1
P113,A263,5,Task 5,online,0.2724999999999999,0.1958823529411765,0.0417647058823528,0.1700490196078431,0.5,0.3350245098039215,2,1,0,-2,0,1,2,0,112,0.9655833577856724,-0.1150324347424102,0.0662837414171411,0.0347120624135313,0.0091699469191051,0.0791277311160445,-0.07490777187526,-0.0938459615795601,0.1245547083329306,-0.1063342106935057,0.1243118582144952,-0.0607806240210935,27
P114,A264,5,Task 5,online,-0.1464705882352939,-0.0604411764705882,-0.3172058823529411,-0.1747058823529411,0.0,-0.0873529411764703,2,-1,-1,-1,-1,1,-1,2,113,-0.7116723204516959,-0.0868859446351012,-0.0255451498190628,-0.0805308255819369,-0.0997010775538612,0.1302961158495707,-0.1201637488428608,-0.0057323745547902,0.0609467890845886,-0.0916054908515803,0.0366621797628218,0.0094043371066837,-1
P115,A265,5,Task 5,online,-0.2382352941176469,-0.0852941176470587,0.0020588235294116,-0.107156862745098,-1.0,-0.553578431372549,1,2,-2,-2,-3,-1,-1,-2,114,-0.6061740213780769,-0.0108177871780364,0.0352658944336092,0.0214925785082727,-0.0257283725387731,0.1053671475540655,0.0279032112413608,0.1196257659080199,0.1240008599383549,-0.0555529079281961,0.061787839027582,-0.0353054218735466,68
P116,A266,5,Task 5,online,0.2276470588235294,0.1980882352941175,-0.1554411764705881,0.090098039215686,0.125,0.1075490196078431,1,-1,1,-2,0,0,1,1,115,-0.7045628128546872,0.1176719686574232,0.0917830301177638,0.125903129927498,-0.1366464591169925,-0.0041100399977526,0.0662120517136974,0.103950418287461,0.0444578369800378,-0.0711201133688786,0.1399145551986769,-0.0374491356282068,-1
P117,A267,5,Task 5,online,0.546470588235294,-0.6066176470588233,-1.0086764705882354,-0.3562745098039215,1.25,0.446862745098039,2,1,2,-1,3,0,1,2,116,0.2926758226052911,0.0908291696737271,0.0523910906241511,-0.0332951722304146,0.1022606084295898,0.0182457183669639,0.1118081483497585,-0.0638041409454462,-0.1022374392207437,-0.0938494445728165,-0.1061012390142877,-0.0787688467734763,-1
P118,A268,5,Task 5,online,-0.5341176470588234,0.0570588235294115,-0.2961764705882353,-0.2577450980392155,2.125,0.933627450980392,2,2,3,3,1,3,2,1,117,0.350334800641347,0.1020558718085421,-0.1242281132481492,0.0577223550092594,0.1163990719300891,-0.1219806623644051,-0.1453586386770076,-0.0061197595514363,0.0309209254651027,0.0779651929183401,0.0565892158929989,0.0113342509271863,-1
P119,A269,5,Task 5,online,0.0045588235294117,-0.8239705882352941,-1.4692647058823527,-0.762892156862745,-0.125,-0.4439460784313725,0,2,-2,1,2,-1,-3,0,118,-0.1750492785263251,0.0885694157048045,-0.0600790541220056,0.0723879129069302,-0.0850588520978318,0.0414655224366076,-0.0097753095038578,0.0305935229681273,0.1074455211413144,-0.0643552721947253,0.0507202614831809,0.0012457011552097,-1
P120,A270,5,Task 5,online,1.126029411764706,0.3310294117647056,0.0327941176470588,0.4966176470588235,-0.75,-0.1266911764705882,2,-1,-2,1,-2,-2,-3,1,119,-0.9286009021886664,-0.0337350750973687,-0.0625027853872213,-0.0482831757675884,-0.0275554196173538,-0.0549562726713041,0.1244732868102597,-0.0481581867382342,0.0360443099339501,0.0199847524419243,0.1261347897569243,-0.1046921155740025,-1
P121,A271,5,Task 5,online,-0.0785294117647058,-0.6283823529411762,-0.5916176470588234,-0.4328431372549019,0.75,0.158578431372549,2,0,0,-1,2,1,0,2,120,0.667234464732541,-0.0287467820355464,0.0624503211582127,0.064841401730323,0.0908573850623635,0.0427585059395187,-0.1428256522681619,-0.0207612128810771,-0.1439298052889831,-0.0416190656856496,0.022780594004652,0.0530409960910425,21
P122,A272,5,Task 5,online,-0.0727941176470588,1.7114705882352943,-0.1960294117647058,0.4808823529411764,1.625,1.0529411764705885,3,3,3,-1,3,-1,0,3,121,-0.4860585837350848,0.0285800151562821,0.0817705334472498,0.0335336889850657,0.0424084627294721,-0.1287951618925566,-0.0071289896472713,-0.1373606966419981,-0.0147854899410901,-0.0393452172453458,-0.1341715137058835,-0.0723457788924925,46
P123,A273,5,Task 5,online,-0.1954411764705882,-0.1698529411764705,-0.3969117647058824,-0.2540686274509804,0.5,0.1229656862745097,2,0,-1,1,0,2,-1,1,122,-0.3134435400613875,0.0594601412535731,-0.1157239143280157,0.0438529136862289,0.0353359310927615,-0.0943424462945137,-0.0171909855838225,-0.042660450787383,0.0299553439549816,0.0630493777592367,-0.0213818600388536,0.0509972358913442,-1
P124,A274,5,Task 5,online,0.002941176470588,0.128970588235294,-0.4501470588235294,-0.106078431372549,0.875,0.3844607843137253,2,3,-2,2,3,0,-3,2,123,-0.7812629143806572,-0.0354646934902149,-0.0582176402338636,0.1029587091052668,0.024992998321479,0.0892993706815383,0.0618739451930456,0.0896650263036139,-0.130213667845426,-0.0045063023044346,-0.0090884731521304,0.0797062677067442,45
P125,A275,5,Task 5,online,0.0558823529411763,1.0336764705882353,-0.1727941176470587,0.3055882352941176,0.625,0.4652941176470588,2,1,1,1,0,-1,0,1,124,-0.7749766823806133,-0.0718069242182013,0.0558195900995379,-0.0628231819840476,0.0105505897661889,-0.0935245481112703,0.1232901107240376,-0.0996149957003873,-0.0511995233690629,-0.1001310407490435,-0.0119060850057886,-0.0448773066423502,-1
P126,A276,5,Task 5,online,0.0292647058823529,0.3473529411764704,-0.0716176470588233,0.1016666666666666,0.75,0.4258333333333331,1,1,1,0,1,1,0,1,125,-0.8840539513062243,-0.0404030343465653,0.0155323851631932,0.0440325555629381,0.1093764233643425,-0.0600074442451474,-0.0465598293594699,-0.0079341619397738,-0.028466617522818,0.0464389878024834,-0.067509497171377,-0.0360427053322409,-1
P127,A277,5,Task 5,online,0.8998529411764706,0.3247058823529411,1.1513235294117643,0.7919607843137254,1.5,1.1459803921568628,2,2,0,2,2,0,3,1,126,-0.3099173552550431,-0.0344700464924136,-0.1150475053173214,0.1067767255247283,0.00260889899107,-0.0841128572736444,0.1199687776488381,0.0599532655962395,-0.0388685519776465,0.1381117765610463,-0.0613573382705622,0.0986004096689666,-1
P128,A278,5,Task 5,online,0.0457352941176469,-0.6117647058823531,-1.0588235294117645,-0.5416176470588235,0.125,-0.2083088235294117,-1,0,1,-1,1,2,0,-1,127,-0.1893382884421445,-0.0445789640806393,0.0573629928018827,-0.0528328864389878,0.0298208116771148,0.0800504740983264,0.1109068578945,0.1459347073189435,0.0509343424590619,-0.0831877169124202,-0.1419595118254166,0.1269334114981776,4
P129,A279,5,Task 5,online,-0.100735294117647,-0.165,-1.4676470588235293,-0.5777941176470585,2.125,0.7736029411764705,3,3,-1,3,3,2,2,2,128,0.0040552590381222,-0.0705468150746002,0.0868462616302874,0.1153324750112085,-0.1332253066543465,-0.0240905161980283,0.0069981035782127,0.0410107897980791,0.1078741493498984,-0.0708352628987121,-0.1273013771702138,0.0481989169255349,-1
P130,A280,5,Task 5,online,0.2432352941176471,0.467205882352941,1.6591176470588238,0.7898529411764706,1.125,0.9574264705882352,2,2,-2,2,2,-1,2,2,129,0.8157511694068647,-0.1209509701466113,-0.060693053880667,-0.0916040388629432,0.1450883465721249,-0.0828268832376291,0.0655480049240829,-0.0799953604083619,-0.0575018569756175,0.0523808431808117,0.029917528765471,0.1138821412400618,-1
P131,A281,5,Task 5,online,-0.6033823529411763,-0.3222058823529411,-0.5533823529411765,-0.4929901960784313,1.25,0.3785049019607841,2,2,-1,2,2,2,2,-1,130,-0.8512295224775823,0.1134048655921247,0.1262531558299342,-0.0367246188831482,0.0331446832945228,-0.1032161501887694,-0.0421821748151956,-0.1282859756118132,0.0567440390341324,0.1106600404579015,0.0706194674720899,-0.122880257355338,-1
P132,A282,5,Task 5,online,0.2525,-0.1397058823529411,-1.4554411764705883,-0.4475490196078431,0.5,0.0262254901960784,1,1,-2,1,2,-1,0,2,131,0.261294341364809,-0.1037699650001717,-0.0282038877681918,0.1126904695870885,0.1433895140136012,0.14418385696627,-0.1186526913772671,0.1386112839809194,0.0737004398781217,-0.1263971504399328,0.1325162009443419,0.0970418792532117,-1
P133,A283,5,Task 5,online,0.4677941176470588,0.8829411764705883,-1.091764705882353,0.0863235294117647,0.375,0.2306617647058822,2,1,-2,0,-1,2,-1,2,132,0.5637819698300286,-0.0801300970479769,-0.1211544017940059,-0.0743630443653423,-0.033928339246859,0.0476552214576742,-0.0588582542773712,0.0020567748313166,-0.0556139508459681,-0.1311157748910908,-0.0319618138093609,-0.1303222150788419,-1
P134,A284,5,Task 5,online,1.403529411764706,-0.2616176470588235,-1.1936764705882352,-0.0172549019607841,1.625,0.8038725490196079,2,1,2,3,1,3,-2,3,133,-0.291726543155573,0.1102139579025976,-0.0153040014497407,-0.1033740306730941,-0.077738031174106,-0.1438595263661333,0.0244337203202241,-0.143768304184611,-0.0077345462709857,0.1421222330649772,0.0879135705231934,-0.1222434816495726,-1
P135,A285,5,Task 5,online,0.0848529411764705,0.2057352941176471,0.3755882352941176,0.2220588235294117,1.25,0.7360294117647058,2,0,2,3,0,3,1,-1,134,-0.9401647500733948,0.0542083407945734,-0.0876571131833062,0.0614782099208057,-0.1290541562257719,0.142462129996015,-0.1299972845259976,-0.0995098330895114,0.0298872873777602,-0.0411540129326695,0.0259375916693934,0.0031785450074472,30
P136,A286,5,Task 5,online,0.0976470588235294,0.5963235294117647,-1.0601470588235298,-0.1220588235294118,-0.75,-0.4360294117647057,-1,-2,-2,-2,-1,1,0,1,135,-0.2768068436627634,0.1211281014253751,0.0151182984577609,0.0410227824840355,0.0105876780070881,0.10677088147552,-0.0945845318615392,-0.0728046935249365,-0.0150655612229404,0.0576652692221633,-0.1039115970290178,-0.1408887468654404,34
P137,A287,5,Task 5,online,-0.0023529411764705,-0.2473529411764705,-0.2355882352941176,-0.1617647058823528,0.375,0.1066176470588235,1,0,1,0,0,0,1,0,136,0.3074295313006287,-0.041884061882575,0.0540880722310094,-0.0915852123857067,0.0086475322353516,-0.1366752088698051,0.0689951795926127,-0.1083661029591465,0.0524914566653805,0.1033060516074899,0.1255297315355979,-0.0560371808952686,-1
P138,A288,5,Task 5,online,-0.2269117647058822,0.1176470588235294,0.1852941176470588,0.025343137254902,0.75,0.387671568627451,1,0,1,1,1,0,1,1,137,-0.0999936096929451,-0.0064261350499582,-0.0651096039294399,0.0566086971951094,-0.1079349668673177,0.1199098618069841,-0.120908997988874,-0.1133892095194364,-0.045979593817757,-0.128550782265467,-0.1216622166564966,-0.1399241716854074,53
P139,A289,5,Task 5,online,0.2320588235294117,-0.3201470588235294,-0.9547058823529412,-0.3475980392156862,-0.375,-0.3612990196078431,-1,1,-1,-1,2,-1,-1,-1,138,0.7847778713005455,0.0316832436118308,0.1092031733482912,0.0988316836074313,-0.0560943435327802,0.0318276966099554,-0.072970234916265,0.0236325604089402,0.1268809222833113,-0.0720541596705585,-0.0562605440680519,0.1337263770843183,-1
P140,A290,5,Task 5,online,0.2310294117647059,-0.7514705882352943,-0.0166176470588235,-0.1790196078431373,0.5,0.1604901960784312,1,2,2,-2,0,2,0,-1,139,-0.9986616239058832,0.1016464489161232,0.0789842555984066,0.0518801416653515,-0.0503050574828229,-0.0803896795521105,0.0333932788047369,-0.0776353736994828,0.0929997743878404,-0.1415029008827133,0.1126321405882745,0.1370465471031493,29
P141,A291,5,Task 5,online,0.6176470588235294,-0.3522058823529409,-0.3529411764705882,-0.0291666666666666,2.25,1.1104166666666666,2,2,2,2,3,3,2,2,140,-0.9603427237294349,0.0119748344164466,0.068969518606264,-0.0358404587802138,-0.1283852408503231,-0.1032895756243417,0.1024991596825764,0.0339330952236968,0.0742388845249182,0.0029912944411803,0.1098325690018451,0.0011259222769926,15
P142,A292,5,Task 5,online,-1.411764705882353,0.3530882352941174,-1.411764705882353,-0.8234803921568628,1.5,0.3382598039215685,2,2,2,1,2,2,-1,2,141,-0.4956159535165646,-0.0278124655776418,-0.0660517750087867,-0.0467088405617041,-0.0163683078412312,0.1445067187599467,-0.010515221715659,0.0471588184136196,0.000662063582498,0.1292746443417925,-0.0464546417952085,0.0443068575765291,-1
P143,A293,5,Task 5,online,0.0574999999999998,-0.467205882352941,-0.1154411764705882,-0.1750490196078431,1.25,0.5374754901960784,2,2,1,1,0,2,0,2,142,-0.8035225929432211,0.0294522296509027,-0.08994026807817,0.0858141194718197,0.1036075799630367,-0.0834538166788716,0.1447536736306084,-0.1064893576040849,-0.0720733783625683,-0.0813516351600774,0.0514231133534795,-0.0311444647115357,40
P144,A294,5,Task 5,online,0.0327941176470588,-0.7241176470588235,-0.0598529411764704,-0.250392156862745,-0.125,-0.1876960784313725,1,1,1,1,-3,0,-3,1,143,-0.0450679679288749,0.014881625661332,0.0353829922195032,0.0059616380570585,-0.015584930984786,-0.0024680858819267,-0.0623405715533,-0.0999027719933189,-0.0479966508152374,0.0977755038096617,-0.1120992677392303,0.1421409655620327,36
P145,A295,5,Task 5,online,-0.113235294117647,-0.4472058823529411,-0.6911764705882352,-0.4172058823529412,0.375,-0.0211029411764705,1,1,0,0,0,1,0,0,144,-0.8040023452840451,-0.0181003708093952,-0.0362710967962407,0.1221975950727797,-0.1486901975867445,0.0289486893340241,-0.0406614883343869,0.0403996836052755,0.1481053589371292,0.1045370268456836,0.0540192703571001,0.0118324314510427,31
P146,A296,5,Task 5,online,0.5026470588235294,0.378970588235294,-0.1407352941176469,0.2469607843137255,1.125,0.6859803921568626,2,2,1,2,2,2,-1,-1,145,-0.9934091701259647,-0.1237128130424187,0.1185423519871287,-0.0424630957734533,0.0303642327606454,-0.0280639928554237,-0.1409667207460345,-0.0314044987381656,0.0229857575815525,-0.0942104653895869,0.0243071510255474,0.1102677999497352,-1
P147,A297,5,Task 5,online,0.2686764705882351,0.0089705882352941,0.5720588235294117,0.2832352941176469,0.375,0.3291176470588235,2,2,-1,-1,2,-1,-1,1,146,0.2767414494381748,0.0430112918969565,0.0924824688392539,0.0559113752801421,0.1425680502254917,0.075511827676045,-0.009466024564051,0.036518607707011,0.0376379671440525,-0.0520198942017986,-0.1025091454570415,-0.0569926128772028,48
P148,A298,5,Task 5,online,0.3014705882352941,-1.2397058823529414,-0.7695588235294119,-0.569264705882353,-0.375,-0.4721323529411765,3,-2,-3,-2,-2,2,-2,3,147,0.7351773428512196,-0.1025309035312261,-0.0651015186987807,-0.108889369979583,-0.1080657074914037,0.00164049607512,-0.0569484826109172,-0.0183996695224513,0.0575932016311141,-0.0671767408689,0.0158130494808472,0.0550920416711531,43
P149,A299,5,Task 5,online,1.0433823529411763,-1.1101470588235292,0.0083823529411765,-0.0194607843137254,1.5,0.7402696078431372,3,3,-3,3,3,3,-3,3,148,-0.2252076298461566,0.1268195155885907,0.0748320906582252,-0.1295491430911008,0.0730045657257487,-0.0154483354742635,0.0061564124323176,0.051363870761639,0.0140946771627841,0.1222918565666863,-0.1335462854725165,-0.0308912912847019,58
P150,A300,5,Task 5,online,-0.3611764705882352,-0.1936764705882352,-0.7483823529411762,-0.4344117647058822,-1.25,-0.8422058823529411,-2,-1,-2,1,-1,0,-3,-2,149,-0.7116354235067994,-0.0306938872833851,-0.1186476837607674,-0.0654978517050261,0.0824953717237719,-0.0186467111890018,0.0787127136226782,0.1058863996595437,-0.069749907606428,0.145987371405593,-0.1301078634811115,-0.0830308501594053,-1
P151,A301,5,Task 5,online,-0.213235294117647,0.4855882352941176,-0.8977941176470587,-0.2084803921568627,-0.75,-0.4792401960784313,1,-2,0,-2,-1,-1,0,-1,150,0.4424619229763167,0.0578639110607524,-0.0952696990404851,-0.0529869065037327,-0.1411296696614685,0.0236749360093534,-0.0179404615092481,0.1238355512013266,-0.1073478917022551,0.1304932021697199,-0.0399017857511327,0.0484081679043138,-1
P152,A302,5,Task 5,online,1.1677941176470588,-0.3597058823529412,-1.2458823529411764,-0.1459313725490196,0.125,-0.0104656862745098,2,0,-1,1,-2,2,-1,0,151,0.3341981482270496,-0.0508543310886538,-0.0714770886994793,-0.0500181885014591,0.0710958942169337,0.0374253409645958,0.0441430122293028,0.0302593848608148,-0.1178480215855836,-0.0240170640107239,0.0393069414084077,0.0721288693774664,62
P153,A303,5,Task 5,online,0.0182352941176468,0.1919117647058823,-1.0047058823529411,-0.2648529411764706,0.875,0.3050735294117645,0,2,2,-1,2,2,1,-1,152,-0.6110205643442475,0.0736206530122481,0.1147898291737753,-0.1231056197573273,0.1478345153861755,-0.1219514142875597,0.1079795385674821,0.0443935748710092,0.1011651295862607,-0.0624217814311373,-0.0021814034785507,-0.0182888201941974,-1
P154,A304,5,Task 5,online,0.3119117647058822,-0.261470588235294,-0.0429411764705881,0.0025,1.125,0.5637499999999999,2,1,1,-1,2,1,1,2,153,-0.1814881139158729,-0.0655621794487651,0.0097877897093964,-0.1294834963922516,-0.1173389698491481,0.1305534447428474,0.1255716679116198,0.0149779509961493,-0.119494504323477,0.0854400569180165,0.0697207181973144,0.0809582389108731,64
P155,A305,5,Task 5,online,0.8645588235294117,-0.6282352941176467,-0.1777941176470588,0.0195098039215685,0.625,0.3222549019607843,3,-1,2,-1,2,2,-1,-1,154,0.8596985281693956,-0.1062620859701508,0.0615782312468763,-0.0815060737065349,0.0279810308060184,-0.086602527322325,-0.055893630447145,0.0903048825874887,-0.0989295967199259,-0.137636145342142,0.1230210660414599,-0.083430294936347,-1
