age_point_order,experiment,age,age_jitter
1,2,22.0,0.1520993533391226
2,2,22.0,0.030703357952886322
3,2,21.0,-0.13682521009472484
4,2,19.0,0.08205322781790497
5,2,18.0,-0.11219816008748523
6,2,18.0,0.15184574469153225
7,2,21.0,0.18438247482567313
8,2,19.0,-0.044157144393429354
9,2,19.0,0.18865899623780588
10,2,21.0,0.05897207048210744
11,2,19.0,0.15275540261702938
12,2,21.0,0.08029456185917634
13,2,62.0,0.12820256941848768
14,2,28.0,0.15894690626956978
15,2,19.0,0.03117712384865298
16,2,19.0,0.02017164522615815
17,2,31.0,-0.15206433688552
18,2,21.0,-0.059267046576609785
19,2,24.0,0.17886531978543888
20,2,43.0,-0.09183065171866253
21,2,30.0,0.10404193605394443
22,2,23.0,-0.1074400609983639
23,2,22.0,0.02025349467930627
24,2,40.0,0.05579484261038889
25,3,19.0,-0.11495781839469646
26,3,19.0,0.017162251519166994
27,3,19.0,0.16972875500760712
28,3,18.0,0.1695407190858685
29,3,19.0,0.11650707549314536
30,3,26.0,-0.1438600694775986
31,3,26.0,-0.17737854347962673
32,3,22.0,-0.13868342685288657
33,3,25.0,0.11022824822736955
34,3,46.0,0.18758440612343086
35,3,32.0,0.014940318172329457
36,3,18.0,0.07766380496934465
37,3,19.0,0.039649711268712654
38,3,19.0,0.029356074454698344
39,3,19.0,-0.11272957847050469
40,3,19.0,-0.03437907255125127
41,3,19.0,-0.049986658292844835
42,3,21.0,0.08355435069679326
43,3,19.0,0.07077188832501391
44,3,20.0,0.012055290997284925
45,3,19.0,-0.09325609064196462
46,3,19.0,-0.15993867128134714
47,4,39.0,-0.14565664930317276
48,4,36.0,0.01264877118021239
49,4,42.0,0.028282388353022218
50,4,49.0,0.030073769051703822
51,4,41.0,0.15761777551682973
52,4,45.0,-0.10256699179948774
53,4,31.0,-0.12427380310547069
54,4,62.0,0.17867995874578263
55,4,53.0,-0.07011248936918499
56,4,41.0,-0.17227245218092607
57,4,56.0,0.12836206694853178
58,4,31.0,0.015675609058595514
59,4,43.0,-0.023602645906349105
60,4,40.0,0.054372448399071245
61,4,48.0,0.0938163874545161
62,4,46.0,0.18542639701492578
63,4,51.0,-0.06687678949675227
64,4,35.0,-0.03203418625326204
65,4,45.0,0.03438700388535413
66,4,42.0,-0.08135403520921294
67,4,24.0,-0.014506247391229162
68,4,30.0,0.0737931733996784
69,4,62.0,0.03854427695872159
70,4,31.0,-0.03310351274689101
71,4,38.0,0.11027476643895395
72,4,25.0,0.15289647902157807
73,4,28.0,0.01939289951017965
74,4,48.0,-0.18463256256223193
75,4,36.0,-0.17340109716627758
76,4,34.0,-0.11244351147130541
77,4,33.0,0.06361760076091724
78,4,29.0,0.18976548006352353
79,4,31.0,0.18238484224826426
80,4,35.0,-0.09910340671184141
81,4,26.0,0.1603850911042513
82,4,33.0,0.025460510238941282
83,4,49.0,0.09780066697428234
84,4,18.0,0.15462796391550018
85,4,36.0,-0.012598047986333625
86,4,58.0,-0.12866043159258156
87,4,37.0,-0.09176813752842272
88,4,31.0,-0.03857560786316814
89,4,81.0,-0.021650990225564503
90,4,33.0,0.13414797158829486
91,4,25.0,0.06465778029533721
92,4,45.0,-0.056079293505888764
93,4,41.0,0.11982675926614082
94,4,41.0,-0.02226347189890854
95,4,51.0,0.09285707304969074
96,4,40.0,-0.029857675618264894
97,4,46.0,-0.14571764968720047
98,4,58.0,0.17471256153277673
99,4,51.0,0.09132205082807521
100,4,37.0,0.1570089825872169
101,4,26.0,0.1017181348674889
102,4,42.0,-0.07904544330911006
103,4,56.0,0.003611497557510026
104,4,63.0,0.1349090060558278
105,4,33.0,-0.0740540541292404
106,4,35.0,-0.06956513810048545
107,4,26.0,0.09443771408194535
108,4,53.0,-0.09572737396747434
109,4,35.0,-0.08855586766917398
110,4,68.0,0.0833096857696816
111,4,24.0,-0.06408333242895252
112,4,49.0,0.14632467096047763
113,4,49.0,-0.03753731326424395
114,4,51.0,-0.08387190963094962
115,4,34.0,-0.0019183039299848392
116,4,72.0,-0.08947893640983814
117,4,60.0,-0.017226073545676856
118,4,35.0,-0.11134801973759577
119,4,37.0,0.09059472924255153
120,4,35.0,-0.06520507349962854
121,4,30.0,-0.06926482726698972
122,4,28.0,-0.05955872153241109
123,4,19.0,-0.14590161314220118
124,4,35.0,0.042263085840107184
125,4,36.0,-0.09787316517681251
126,4,32.0,-0.015084971364533746
127,4,66.0,0.10234075092782807
128,4,44.0,0.12198236367760397
129,4,23.0,0.07580736081837265
130,4,29.0,-0.154316759715702
131,4,27.0,-0.09344522827258896
132,4,53.0,-0.03749971770911475
133,4,46.0,0.17296429337709487
134,4,32.0,0.06926753037221951
135,4,33.0,-0.10696002320986742
136,4,58.0,0.10470544669680998
137,4,37.0,-0.1739873521733888
138,4,28.0,-0.11828702485775479
139,4,34.0,-0.1203068316954877
140,4,50.0,0.15679656357285623
141,4,37.0,-0.13219673194529968
142,4,23.0,-0.1704420132709529
143,4,48.0,-0.12241442575485119
144,4,33.0,0.10279257531753025
145,4,36.0,-0.15001539425092997
146,4,47.0,0.12031145911879595
147,4,39.0,0.009400972289817936
148,4,45.0,0.02322454076355221
149,4,57.0,0.058167690930801826
150,4,36.0,-0.18246122290593755
151,4,46.0,0.0378737221953385
152,4,39.0,-0.15703010857885252
153,4,30.0,0.14731074526807175
154,4,50.0,-0.026960727713070762
155,4,34.0,-0.1803174463956249
156,4,63.0,-0.1664060479756468
157,4,29.0,0.14403030103322173
158,4,30.0,-0.16949448263005568
159,4,43.0,0.032713758855354734
160,4,27.0,0.15273472941199956
161,4,34.0,0.12614710706675397
162,4,53.0,0.05520725318347301
163,4,20.0,0.07967143506047009
164,4,28.0,-0.1457536961227291
165,4,32.0,-0.17613938570811072
166,4,19.0,0.17648305989645013
167,4,23.0,0.1603306723455659
168,4,72.0,0.13297134525728535
169,4,18.0,-0.028298547768687378
170,4,22.0,0.021744804116763713
171,4,34.0,0.05096959462300302
172,4,22.0,-0.12166012970864089
173,5,35.0,-0.05548935651591487
174,5,38.0,-0.07698796056525456
175,5,41.0,0.04840369048646958
176,5,35.0,-0.141320606436907
177,5,47.0,-0.16307133207736613
178,5,54.0,0.03430337143863985
179,5,48.0,0.11524071727025478
180,5,32.0,0.0081928495300923
181,5,43.0,0.011712082120444918
182,5,35.0,-0.1857091032237081
183,5,40.0,-0.15001913780907247
184,5,46.0,0.1302923606846198
185,5,31.0,0.09610497217051825
186,5,56.0,0.08194532585727461
187,5,52.0,0.005358318890398148
188,5,45.0,0.08024050264063948
189,5,50.0,-0.12616435016353944
190,5,51.0,-0.11238460996078997
191,5,42.0,0.1389507422197658
192,5,34.0,0.023942854196123683
193,5,37.0,-0.044780175724127555
194,5,50.0,0.14950980977628664
195,5,71.0,-0.04370892956757925
196,5,26.0,0.03278579123435764
197,5,39.0,-0.1774592961680642
198,5,65.0,-0.1357816958542175
199,5,24.0,-0.08123548147355997
200,5,40.0,-0.14209441323969724
201,5,35.0,-0.08110442021506602
202,5,44.0,0.11091245668222911
203,5,36.0,0.16466590547880303
204,5,45.0,0.1806036560624572
205,5,29.0,0.05806166604563242
206,5,27.0,0.0032064192084602207
207,5,45.0,0.05094830923786144
208,5,33.0,0.01623511846329952
209,5,45.0,0.089520785197819
210,5,24.0,-0.13536816251562678
211,5,24.0,0.034138386808221156
212,5,35.0,-0.1242495103697701
213,5,54.0,0.14435665381015342
214,5,58.0,0.17776925053628204
215,5,22.0,0.047452790382441726
216,5,28.0,-0.03599967891578829
217,5,43.0,0.17953957064575968
218,5,24.0,0.11036150554432789
219,5,32.0,0.04962667378057906
220,5,21.0,0.17657874284302574
221,5,53.0,0.09179400813216976
222,5,36.0,-0.04904181598532603
223,5,29.0,0.08510678106676588
224,5,50.0,-0.08467085652533095
225,5,33.0,-0.10098501026700496
226,5,36.0,0.16122556581905045
227,5,23.0,0.07293926194014363
228,5,53.0,0.03505922709769824
229,5,32.0,0.1732371329194722
230,5,44.0,-0.09725097030492444
231,5,56.0,0.14120079060841823
232,5,25.0,-0.028819290942640727
233,5,53.0,0.13737653553221077
234,5,48.0,-0.1495230408690272
235,5,35.0,-0.04110042805042995
236,5,22.0,-0.025242789788275825
237,5,26.0,-0.1253452554848838
238,5,35.0,0.09913126080469914
239,5,36.0,-0.13406958820457776
240,5,35.0,-0.11970227230341801
241,5,28.0,-0.04211333721284354
242,5,35.0,-0.15480124498531297
243,5,19.0,0.16843324606537166
244,5,31.0,-0.16842665891843098
245,5,65.0,0.09424503979770563
246,5,52.0,-0.06969676937543597
247,5,78.0,0.023326469490753572
248,5,30.0,-0.10686769424658904
249,5,28.0,-0.08380325704621876
250,5,50.0,-0.06630895826740892
251,5,43.0,0.13787365506365604
252,5,53.0,0.0892608926471394
253,5,27.0,-0.1419367723900661
254,5,42.0,-0.1559848299665168
255,5,51.0,-0.03622962643453501
256,5,22.0,-0.1264648074230096
257,5,38.0,-0.16096181731355783
258,5,35.0,0.06131222796244317
259,5,32.0,-0.047510717708879525
260,5,25.0,0.07872418319609507
261,5,21.0,0.1860085895854761
262,5,24.0,-0.05692911168581467
263,5,36.0,0.12929985665448118
264,5,37.0,-0.1084965884157159
265,5,23.0,-0.035700950737202995
266,5,28.0,0.13132371592263178
267,5,32.0,-0.1841458056226993
268,5,68.0,-0.15160302398511494
269,5,35.0,0.1485624888552156
270,5,30.0,0.035337710641206534
271,5,20.0,0.05405511187762057
272,5,38.0,-0.16186898016619727
273,5,21.0,0.17353375288821185
274,5,19.0,-0.17798909477711544
275,5,23.0,0.15571630581952586
276,5,34.0,0.012005402182716849
277,5,27.0,-0.06785316709827836
278,5,33.0,0.16131984862396587
279,5,53.0,0.08828651887896741
280,5,31.0,-0.17502137143355978
281,5,19.0,0.08541756818231794
282,5,30.0,0.04969214847650349
283,5,21.0,0.06812952836729885
284,5,19.0,0.09413377288422833
285,5,31.0,0.10961846516994818
286,5,26.0,0.03157601420866869
287,5,32.0,-0.03185822608152488
288,5,35.0,-0.16917295847628736
289,5,34.0,-0.1875586758333249
290,5,37.0,0.1672342990207964
291,5,27.0,0.039502630424035276
292,5,40.0,-0.11849936822314017
293,5,21.0,-0.07376391574985777
294,5,52.0,-0.13926956886194453
295,5,33.0,-0.017995622028681088
296,5,22.0,0.04231018910299568
297,5,26.0,-0.1391971736920071
298,5,31.0,-0.0010360007339367627
299,5,32.0,0.07684182714179132
300,5,21.0,-0.05056406492507538
301,5,42.0,-0.11398226466395203
302,5,21.0,0.055689158398640255
303,5,25.0,0.02247729649494093
