panel,predictor_value,ols_fitted,ci_low,ci_high,interval
a,-2.1454507857733662,0.0320552616028701,0.0084421778725292,0.055668345333211,95% analytic t CI for mean OLS guide
a,-2.127669572012253,0.0318016218179571,0.0083676192984694,0.0552356243374448,95% analytic t CI for mean OLS guide
a,-2.1098883582511396,0.031547982033044,0.0082929391831897,0.0548030248828984,95% analytic t CI for mean OLS guide
a,-2.0921071444900265,0.031294342248131,0.0082181346989753,0.0543705497972867,95% analytic t CI for mean OLS guide
a,-2.074325930728913,0.031040702463218,0.008143202931767,0.053938201994669,95% analytic t CI for mean OLS guide
a,-2.0565447169678,0.0307870626783049,0.0080681408779239,0.053505984478686,95% analytic t CI for mean OLS guide
a,-2.038763503206687,0.0305334228933919,0.0079929454408444,0.0530739003459393,95% analytic t CI for mean OLS guide
a,-2.0209822894455733,0.0302797831084788,0.0079176134274369,0.0526419527895208,95% analytic t CI for mean OLS guide
a,-2.0032010756844603,0.0300261433235658,0.0078421415444331,0.0522101451026986,95% analytic t CI for mean OLS guide
a,-1.985419861923347,0.0297725035386528,0.0077665263945367,0.0517784806827689,95% analytic t CI for mean OLS guide
a,-1.9676386481622337,0.0295188637537397,0.0076907644723984,0.0513469630350811,95% analytic t CI for mean OLS guide
a,-1.9498574344011204,0.0292652239688267,0.007614852160408,0.0509155957772454,95% analytic t CI for mean OLS guide
a,-1.932076220640007,0.0290115841839136,0.0075387857242953,0.050484382643532,95% analytic t CI for mean OLS guide
a,-1.914295006878894,0.0287579443990006,0.0074625613085289,0.0500533274894723,95% analytic t CI for mean OLS guide
a,-1.896513793117781,0.0285043046140876,0.0073861749315033,0.0496224342966718,95% analytic t CI for mean OLS guide
a,-1.8787325793566672,0.0282506648291745,0.0073096224805022,0.0491917071778468,95% analytic t CI for mean OLS guide
a,-1.860951365595554,0.0279970250442615,0.0072328997064278,0.0487611503820952,95% analytic t CI for mean OLS guide
a,-1.8431701518344408,0.0277433852593485,0.007156002218282,0.0483307683004149,95% analytic t CI for mean OLS guide
a,-1.8253889380733277,0.0274897454744354,0.0070789254773884,0.0479005654714824,95% analytic t CI for mean OLS guide
a,-1.8076077243122144,0.0272361056895224,0.0070016647913394,0.0474705465877053,95% analytic t CI for mean OLS guide
a,-1.789826510551101,0.0269824659046093,0.0069242153076554,0.0470407165015633,95% analytic t CI for mean OLS guide
a,-1.7720452967899878,0.0267288261196963,0.0068465720071393,0.0466110802322533,95% analytic t CI for mean OLS guide
a,-1.7542640830288745,0.0264751863347833,0.0067687296969115,0.046181642972655,95% analytic t CI for mean OLS guide
a,-1.7364828692677614,0.0262215465498702,0.0066906830031069,0.0457524100966335,95% analytic t CI for mean OLS guide
a,-1.718701655506648,0.0259679067649572,0.0066124263632157,0.0453233871666987,95% analytic t CI for mean OLS guide
a,-1.7009204417455348,0.0257142669800441,0.0065339540180498,0.0448945799420385,95% analytic t CI for mean OLS guide
a,-1.6831392279844215,0.0254606271951311,0.0064552600033129,0.0444659943869493,95% analytic t CI for mean OLS guide
a,-1.6653580142233082,0.0252069874102181,0.0063763381407538,0.0440376366796823,95% analytic t CI for mean OLS guide
a,-1.6475768004621951,0.024953347625305,0.0062971820288796,0.0436095132217305,95% analytic t CI for mean OLS guide
a,-1.6297955867010818,0.024699707840392,0.0062177850332038,0.0431816306475802,95% analytic t CI for mean OLS guide
a,-1.6120143729399683,0.0244460680554789,0.0061381402760054,0.0427539958349525,95% analytic t CI for mean OLS guide
a,-1.5942331591788554,0.0241924282705659,0.0060582406255701,0.0423266159155617,95% analytic t CI for mean OLS guide
a,-1.576451945417742,0.0239387884856529,0.0059780786848862,0.0418994982864195,95% analytic t CI for mean OLS guide
a,-1.5586707316566288,0.0236851487007398,0.0058976467797635,0.0414726506217161,95% analytic t CI for mean OLS guide
a,-1.5408895178955155,0.0234315089158268,0.0058169369463449,0.0410460808853086,95% analytic t CI for mean OLS guide
a,-1.5231083041344022,0.0231778691309137,0.0057359409179748,0.0406197973438527,95% analytic t CI for mean OLS guide
a,-1.5053270903732892,0.0229242293460007,0.0056546501113894,0.0401938085806121,95% analytic t CI for mean OLS guide
a,-1.4875458766121756,0.0226705895610877,0.0055730556121913,0.039768123509984,95% analytic t CI for mean OLS guide
a,-1.4697646628510626,0.0224169497761746,0.0054911481595673,0.039342751392782,95% analytic t CI for mean OLS guide
a,-1.4519834490899493,0.0221633099912616,0.005408918130207,0.0389177018523162,95% analytic t CI for mean OLS guide
a,-1.434202235328836,0.0219096702063486,0.0053263555213786,0.0384929848913185,95% analytic t CI for mean OLS guide
a,-1.4164210215677229,0.0216560304214355,0.0052434499331135,0.0380686109097575,95% analytic t CI for mean OLS guide
a,-1.3986398078066091,0.0214023906365225,0.00516019054945,0.037644590723595,95% analytic t CI for mean OLS guide
a,-1.3808585940454965,0.0211487508516094,0.0050765661186838,0.0372209355845351,95% analytic t CI for mean OLS guide
a,-1.363077380284383,0.0208951110666964,0.00499256493257,0.0367976572008228,95% analytic t CI for mean OLS guide
a,-1.3452961665232697,0.0206414712817834,0.0049081748044176,0.0363747677591491,95% analytic t CI for mean OLS guide
a,-1.3275149527621566,0.0203878314968703,0.0048233830460159,0.0359522799477247,95% analytic t CI for mean OLS guide
a,-1.309733739001043,0.0201341917119573,0.0047381764433283,0.0355302069805863,95% analytic t CI for mean OLS guide
a,-1.29195252523993,0.0198805519270442,0.0046525412308846,0.0351085626232039,95% analytic t CI for mean OLS guide
a,-1.274171311478817,0.0196269121421312,0.0045664630648032,0.0346873612194592,95% analytic t CI for mean OLS guide
a,-1.2563900977177034,0.0193732723572182,0.0044799269943668,0.0342666177200695,95% analytic t CI for mean OLS guide
a,-1.2386088839565903,0.0191196325723051,0.0043929174320749,0.0338463477125353,95% analytic t CI for mean OLS guide
a,-1.2208276701954768,0.0188659927873921,0.0043054181220932,0.033426567452691,95% analytic t CI for mean OLS guide
a,-1.2030464564343637,0.018612353002479,0.0042174121070135,0.0330072938979445,95% analytic t CI for mean OLS guide
a,-1.1852652426732504,0.018358713217566,0.00412888169284,0.032588544742292,95% analytic t CI for mean OLS guide
a,-1.167484028912137,0.018105073432653,0.0040398084121079,0.0321703384531981,95% analytic t CI for mean OLS guide
a,-1.149702815151024,0.0178514336477399,0.0039501729850449,0.031752694310435,95% analytic t CI for mean OLS guide
a,-1.1319216013899107,0.0175977938628269,0.003859955278677,0.0313356324469768,95% analytic t CI for mean OLS guide
a,-1.1141403876287974,0.0173441540779138,0.0037691342637823,0.0309191738920454,95% analytic t CI for mean OLS guide
a,-1.096359173867684,0.0170905142930008,0.0036776879695927,0.0305033406164089,95% analytic t CI for mean OLS guide
a,-1.0785779601065708,0.0168368745080878,0.0035855934361424,0.0300881555800332,95% analytic t CI for mean OLS guide
a,-1.0607967463454575,0.0165832347231747,0.0034928266641635,0.029673642782186,95% analytic t CI for mean OLS guide
a,-1.0430155325843444,0.0163295949382617,0.0033993625624265,0.0292598273140969,95% analytic t CI for mean OLS guide
a,-1.0252343188232311,0.0160759551533487,0.0033051748924285,0.0288467354142688,95% analytic t CI for mean OLS guide
a,-1.0074531050621178,0.0158223153684356,0.0032102362103324,0.0284343945265388,95% analytic t CI for mean OLS guide
a,-0.9896718913010044,0.0155686755835226,0.0031145178060672,0.028022833360978,95% analytic t CI for mean OLS guide
a,-0.9718906775398912,0.0153150357986095,0.0030179896395034,0.0276120819577157,95% analytic t CI for mean OLS guide
a,-0.954109463778778,0.0150613960136965,0.002920620273631,0.027202171753762,95% analytic t CI for mean OLS guide
a,-0.9363282500176648,0.0148077562287835,0.0028223768046735,0.0267931356528934,95% analytic t CI for mean OLS guide
a,-0.9185470362565517,0.0145541164438704,0.0027232247890907,0.0263850080986501,95% analytic t CI for mean OLS guide
a,-0.9007658224954382,0.0143004766589574,0.0026231281674404,0.0259778251504744,95% analytic t CI for mean OLS guide
a,-0.8829846087343249,0.0140468368740443,0.00252204918509,0.0255716245629987,95% analytic t CI for mean OLS guide
a,-0.8652033949732119,0.0137931970891313,0.0024199483098003,0.0251664458684623,95% analytic t CI for mean OLS guide
a,-0.8474221812120986,0.0135395573042183,0.0023167841462338,0.0247623304622027,95% analytic t CI for mean OLS guide
a,-0.8296409674509853,0.0132859175193052,0.0022125133474826,0.0243593216911279,95% analytic t CI for mean OLS guide
a,-0.811859753689872,0.0130322777343922,0.0021070905237563,0.0239574649450281,95% analytic t CI for mean OLS guide
a,-0.7940785399287587,0.0127786379494791,0.0020004681484282,0.0235568077505301,95% analytic t CI for mean OLS guide
a,-0.7762973261676456,0.0125249981645661,0.0018925964617017,0.0231573998674305,95% analytic t CI for mean OLS guide
a,-0.7585161124065323,0.0122713583796531,0.0017834233722362,0.0227592933870699,95% analytic t CI for mean OLS guide
a,-0.740734898645419,0.01201771859474,0.0016728943571578,0.0223625428323222,95% analytic t CI for mean OLS guide
a,-0.7229536848843057,0.011764078809827,0.0015609523609841,0.0219672052586698,95% analytic t CI for mean OLS guide
a,-0.7051724711231924,0.0115104390249139,0.0014475376941035,0.0215733403557244,95% analytic t CI for mean OLS guide
a,-0.6873912573620793,0.0112567992400009,0.0013325879315836,0.0211810105484182,95% analytic t CI for mean OLS guide
a,-0.669610043600966,0.0110031594550879,0.0012160378132286,0.0207902810969471,95% analytic t CI for mean OLS guide
a,-0.6518288298398527,0.0107495196701748,0.0010978191459707,0.020401220194379,95% analytic t CI for mean OLS guide
a,-0.6340476160787394,0.0104958798852618,0.0009778607098641,0.0200138990606594,95% analytic t CI for mean OLS guide
a,-0.6162664023176261,0.0102422401003487,0.0008560881691528,0.0196283920315447,95% analytic t CI for mean OLS guide
a,-0.598485188556513,0.0099886003154357,0.0007324239901009,0.0192447766407705,95% analytic t CI for mean OLS guide
a,-0.5807039747953997,0.0097349605305227,0.0006067873675165,0.0188631336935289,95% analytic t CI for mean OLS guide
a,-0.5629227610342864,0.0094813207456096,0.0004790941621524,0.0184835473290669,95% analytic t CI for mean OLS guide
a,-0.5451415472731731,0.0092276809606966,0.0003492568514346,0.0181061050699586,95% analytic t CI for mean OLS guide
a,-0.5273603335120598,0.0089740411757836,0.0002171844962504,0.0177308978553167,95% analytic t CI for mean OLS guide
a,-0.5095791197509467,0.0087204013908705,8.278272680659234e-05,0.0173580200549345,95% analytic t CI for mean OLS guide
a,-0.4917979059898334,0.0084667616059575,-5.404624914804971e-05,0.0169875694610631,95% analytic t CI for mean OLS guide
a,-0.4740166922287201,0.0082131218210444,-0.0001934036121777,0.0166196472542667,95% analytic t CI for mean OLS guide
a,-0.4562354784676068,0.0079594820361314,-0.0003353938672885,0.0162543579395514,95% analytic t CI for mean OLS guide
a,-0.4384542647064937,0.0077058422512184,-0.0004801247463209,0.0158918092487577,95% analytic t CI for mean OLS guide
a,-0.4206730509453804,0.0074522024663053,-0.0006277070724462,0.015532112005057,95% analytic t CI for mean OLS guide
a,-0.4028918371842671,0.0071985626813923,-0.0007782545825267,0.0151753799453114,95% analytic t CI for mean OLS guide
a,-0.3851106234231538,0.0069449228964792,-0.0009318837031172,0.0148217294960757,95% analytic t CI for mean OLS guide
a,-0.3673294096620405,0.0066912831115662,-0.0010887132760213,0.0144712794991538,95% analytic t CI for mean OLS guide
a,-0.3495481959009274,0.0064376433266532,-0.0012488642295941,0.0141241508829005,95% analytic t CI for mean OLS guide
a,-0.3317669821398141,0.0061840035417401,-0.0014124591924249,0.0137804662759053,95% analytic t CI for mean OLS guide
a,-0.3139857683787008,0.0059303637568271,-0.0015796220466756,0.0134403495603299,95% analytic t CI for mean OLS guide
a,-0.2962045546175875,0.005676723971914,-0.0017504774191892,0.0131039253630174,95% analytic t CI for mean OLS guide
a,-0.2784233408564742,0.005423084187001,-0.001925150109559,0.0127713184835611,95% analytic t CI for mean OLS guide
a,-0.2606421270953611,0.005169444402088,-0.0021037644556458,0.0124426532598219,95% analytic t CI for mean OLS guide
a,-0.2428609133342478,0.0049158046171749,-0.0022864436385599,0.0121180528729098,95% analytic t CI for mean OLS guide
a,-0.2250796995731345,0.0046621648322619,-0.0024733089308595,0.0117976385953834,95% analytic t CI for mean OLS guide
a,-0.2072984858120212,0.0044085250473488,-0.0026644788936293,0.0114815289883271,95% analytic t CI for mean OLS guide
a,-0.1895172720509079,0.0041548852624358,-0.0028600685301371,0.0111698390550089,95% analytic t CI for mean OLS guide
a,-0.1717360582897948,0.0039012454775228,-0.0030601884058604,0.010862679360906,95% analytic t CI for mean OLS guide
a,-0.1539548445286815,0.0036476056926097,-0.0032649437467388,0.0105601551319584,95% analytic t CI for mean OLS guide
a,-0.1361736307675682,0.0033939659076967,-0.003474433529443,0.0102623653448365,95% analytic t CI for mean OLS guide
a,-0.1183924170064552,0.0031403261227837,-0.0036887495791475,0.0099694018247149,95% analytic t CI for mean OLS guide
a,-0.1006112032453416,0.0028866863378706,-0.0039079756916384,0.0096813483673798,95% analytic t CI for mean OLS guide
a,-0.0828299894842286,0.0026330465529576,-0.0041321867974701,0.0093982799033854,95% analytic t CI for mean OLS guide
a,-0.065048775723115,0.0023794067680445,-0.0043614481862003,0.0091202617222894,95% analytic t CI for mean OLS guide
a,-0.0472675619620019,0.0021257669831315,-0.0045958148084214,0.0088473487746845,95% analytic t CI for mean OLS guide
a,-0.0294863482008889,0.0018721271982185,-0.0048353306723049,0.0085795850687419,95% analytic t CI for mean OLS guide
a,-0.0117051344397753,0.0016184874133054,-0.0050800283496899,0.0083170031763008,95% analytic t CI for mean OLS guide
a,0.0060760793213376,0.0013648476283924,-0.0053299286044095,0.0080596238611944,95% analytic t CI for mean OLS guide
a,0.0238572930824512,0.0011112078434793,-0.0055850401526318,0.0078074558395906,95% analytic t CI for mean OLS guide
a,0.0416385068435642,0.0008575680585663,-0.005845359561623,0.0075604956787557,95% analytic t CI for mean OLS guide
a,0.0594197206046773,0.0006039282736533,-0.006110871289663,0.0073187278369696,95% analytic t CI for mean OLS guide
a,0.0772009343657909,0.0003502884887402,-0.0063815478660346,0.0070821248435152,95% analytic t CI for mean OLS guide
a,0.0949821481269039,9.664870382723496e-05,-0.0066573502062531,0.0068506476139076,95% analytic t CI for mean OLS guide
a,0.1127633618880175,-0.0001569910810858,-0.0069382280541759,0.0066242458920043,95% analytic t CI for mean OLS guide
a,0.1305445756491305,-0.0004106308659988,-0.0072241205395057,0.006402858807508,95% analytic t CI for mean OLS guide
a,0.1483257894102436,-0.0006642706509118,-0.0075149568365946,0.0061864155347709,95% analytic t CI for mean OLS guide
a,0.1661070031713571,-0.0009179104358249,-0.0078106569084849,0.005974836036835,95% analytic t CI for mean OLS guide
a,0.1838882169324702,-0.0011715502207379,-0.0081111323188163,0.0057680318773403,95% analytic t CI for mean OLS guide
a,0.2016694306935837,-0.001425190005651,-0.0084162870936274,0.0055659070823254,95% analytic t CI for mean OLS guide
a,0.2194506444546968,-0.001678829790564,-0.0087260186151236,0.0053683590339955,95% analytic t CI for mean OLS guide
a,0.2372318582158099,-0.001932469575477,-0.0090402185301338,0.0051752793791796,95% analytic t CI for mean OLS guide
a,0.2550130719769234,-0.0021861093603901,-0.0093587736571344,0.0049865549363542,95% analytic t CI for mean OLS guide
a,0.2727942857380365,-0.0024397491453031,-0.0096815668772747,0.0048020685866684,95% analytic t CI for mean OLS guide
a,0.29057549949915,-0.0026933889302161,-0.0100084779966833,0.0046217001362509,95% analytic t CI for mean OLS guide
a,0.3083567132602631,-0.0029470287151292,-0.0103393845693571,0.0044453271390986,95% analytic t CI for mean OLS guide
a,0.3261379270213762,-0.0032006685000422,-0.0106741626720256,0.004272825671941,95% analytic t CI for mean OLS guide
a,0.3439191407824897,-0.0034543082849553,-0.0110126876244527,0.004104071054542,95% analytic t CI for mean OLS guide
a,0.3617003545436028,-0.0037079480698683,-0.0113548346506117,0.003938938510875,95% analytic t CI for mean OLS guide
a,0.3794815683047163,-0.0039615878547813,-0.0117004794779861,0.0037773037684233,95% analytic t CI for mean OLS guide
a,0.3972627820658294,-0.0042152276396944,-0.0120494988738682,0.0036190435944794,95% analytic t CI for mean OLS guide
a,0.4150439958269425,-0.0044688674246074,-0.0124017711189327,0.0034640362697178,95% analytic t CI for mean OLS guide
a,0.432825209588056,-0.0047225072095205,-0.0127571764195264,0.0033121620004854,95% analytic t CI for mean OLS guide
a,0.4506064233491691,-0.0049761469944335,-0.0131155972610631,0.003163303272196,95% analytic t CI for mean OLS guide
a,0.4683876371102826,-0.0052297867793465,-0.0134769187056343,0.0030173451469412,95% analytic t CI for mean OLS guide
a,0.4861688508713957,-0.0054834265642596,-0.0138410286374739,0.0028741755089546,95% analytic t CI for mean OLS guide
a,0.5039500646325088,-0.0057370663491726,-0.0142078179602599,0.0027336852619146,95% analytic t CI for mean OLS guide
a,0.5217312783936223,-0.0059907061340857,-0.0145771807504355,0.0025957684822641,95% analytic t CI for mean OLS guide
a,0.5395124921547354,-0.0062443459189987,-0.0149490143707919,0.0024603225327944,95% analytic t CI for mean OLS guide
a,0.5572937059158489,-0.0064979857039117,-0.0153232195485194,0.0023272481406958,95% analytic t CI for mean OLS guide
a,0.575074919676962,-0.0067516254888248,-0.0156997004218098,0.0021964494441601,95% analytic t CI for mean OLS guide
a,0.5928561334380751,-0.0070052652737378,-0.0160783645589083,0.0020678340114326,95% analytic t CI for mean OLS guide
a,0.6106373471991886,-0.0072589050586509,-0.0164591229532852,0.0019413128359834,95% analytic t CI for mean OLS guide
a,0.6284185609603017,-0.0075125448435639,-0.0168418899983365,0.0018168003112086,95% analytic t CI for mean OLS guide
a,0.6461997747214152,-0.0077661846284769,-0.0172265834447504,0.0016942141877964,95% analytic t CI for mean OLS guide
a,0.6639809884825283,-0.00801982441339,-0.0176131243433911,0.0015734755166111,95% analytic t CI for mean OLS guide
a,0.6817622022436414,-0.008273464198303,-0.0180014369762723,0.0014545085796662,95% analytic t CI for mean OLS guide
a,0.6995434160047549,-0.0085271039832161,-0.0183914487779201,0.0013372408114879,95% analytic t CI for mean OLS guide
a,0.717324629765868,-0.0087807437681291,-0.0187830902491624,0.0012216027129041,95% analytic t CI for mean OLS guide
a,0.7351058435269815,-0.0090343835530421,-0.0191762948651378,0.0011075277590535,95% analytic t CI for mean OLS guide
a,0.7528870572880946,-0.0092880233379552,-0.019570998979088,0.0009949523031776,95% analytic t CI for mean OLS guide
a,0.7706682710492077,-0.0095416631228682,-0.0199671417232869,0.0008838154775504,95% analytic t CI for mean OLS guide
a,0.7884494848103212,-0.0097953029077812,-0.0203646649082705,0.0007740590927079,95% analytic t CI for mean OLS guide
a,0.8062306985714343,-0.0100489426926943,-0.0207635129213561,0.0006656275359674,95% analytic t CI for mean OLS guide
a,0.8240119123325478,-0.0103025824776073,-0.0211636326252867,0.000558467670072,95% analytic t CI for mean OLS guide
a,0.8417931260936609,-0.0105562222625204,-0.0215649732576982,0.0004525287326574,95% analytic t CI for mean OLS guide
a,0.8595743398547739,-0.0108098620474334,-0.0219674863319839,0.000347762237117,95% analytic t CI for mean OLS guide
a,0.8773555536158875,-0.0110635018323464,-0.0223711255400268,0.0002441218753338,95% analytic t CI for mean OLS guide
a,0.8951367673770005,-0.0113171416172595,-0.022775846657173,0.000141563422654,95% analytic t CI for mean OLS guide
a,0.912917981138114,-0.0115707814021725,-0.0231816074497423,4.004464539724903e-05,95% analytic t CI for mean OLS guide
a,0.9306991948992271,-0.0118244211870856,-0.0235883675852996,-6.047478887158397e-05,95% analytic t CI for mean OLS guide
a,0.9484804086603402,-0.0120780609719986,-0.0239960885458516,-0.0001600333981456,95% analytic t CI for mean OLS guide
a,0.9662616224214536,-0.0123317007569116,-0.0244047335440836,-0.0002586679697397,95% analytic t CI for mean OLS guide
a,0.9840428361825668,-0.0125853405418247,-0.0248142674427052,-0.0003564136409441,95% analytic t CI for mean OLS guide
a,1.0018240499436804,-0.0128389803267377,-0.0252246566769404,-0.000453303976535,95% analytic t CI for mean OLS guide
a,1.0196052637047934,-0.0130926201116508,-0.0256358691801658,-0.0005493710431357,95% analytic t CI for mean OLS guide
a,1.0373864774659065,-0.0133462598965638,-0.0260478743126755,-0.0006446454804521,95% analytic t CI for mean OLS guide
a,1.05516769122702,-0.0135998996814768,-0.0264606427935326,-0.000739156569421,95% analytic t CI for mean OLS guide
a,1.0729489049881331,-0.0138535394663899,-0.0268741466354487,-0.0008329322973311,95% analytic t CI for mean OLS guide
a,1.0907301187492466,-0.0141071792513029,-0.0272883590826208,-0.000925999419985,95% analytic t CI for mean OLS guide
a,1.1085113325103595,-0.014360819036216,-0.0277032545514463,-0.0010183835209856,95% analytic t CI for mean OLS guide
a,1.1262925462714728,-0.014614458821129,-0.0281188085740256,-0.0011101090682324,95% analytic t CI for mean OLS guide
a,1.1440737600325863,-0.014868098606042,-0.0285349977443608,-0.0012011994677233,95% analytic t CI for mean OLS guide
a,1.1618549737936994,-0.0151217383909551,-0.0289517996671511,-0.001291677114759,95% analytic t CI for mean OLS guide
a,1.179636187554813,-0.0153753781758681,-0.0293691929090865,-0.0013815634426497,95% analytic t CI for mean OLS guide
a,1.197417401315926,-0.0156290179607811,-0.0297871569525372,-0.0014708789690251,95% analytic t CI for mean OLS guide
a,1.215198615077039,-0.0158826577456942,-0.03020567215154,-0.0015596433398484,95% analytic t CI for mean OLS guide
a,1.2329798288381526,-0.0161362975306072,-0.0306247196899796,-0.0016478753712349,95% analytic t CI for mean OLS guide
a,1.2507610425992657,-0.0163899373155203,-0.0310442815418668,-0.0017355930891737,95% analytic t CI for mean OLS guide
a,1.2685422563603788,-0.0166435771004333,-0.0314643404336177,-0.0018228137672489,95% analytic t CI for mean OLS guide
a,1.2863234701214925,-0.0168972168853463,-0.0318848798082377,-0.001909553962455,95% analytic t CI for mean OLS guide
a,1.3041046838826054,-0.0171508566702594,-0.0323058837913206,-0.0019958295491982,95% analytic t CI for mean OLS guide
a,1.3218858976437189,-0.0174044964551724,-0.0327273371587734,-0.0020816557515714,95% analytic t CI for mean OLS guide
a,1.339667111404832,-0.0176581362400855,-0.0331492253061809,-0.00216704717399,95% analytic t CI for mean OLS guide
a,1.357448325165945,-0.0179117760249985,-0.0335715342197285,-0.0022520178302685,95% analytic t CI for mean OLS guide
a,1.3752295389270586,-0.0181654158099115,-0.0339942504486039,-0.0023365811712192,95% analytic t CI for mean OLS guide
a,1.393010752688172,-0.0184190555948246,-0.034417361078802,-0.0024207501108472,95% analytic t CI for mean OLS guide
b,-3.0,-0.0498278808779126,-0.0711118980138022,-0.028543863742023,95% analytic t CI for mean OLS guide
b,-2.969849246231156,-0.0495815443719604,-0.0707213973427028,-0.028441691401218,95% analytic t CI for mean OLS guide
b,-2.9396984924623117,-0.0493352078660082,-0.0703310253078226,-0.0283393904241938,95% analytic t CI for mean OLS guide
b,-2.909547738693467,-0.049088871360056,-0.0699407845748431,-0.0282369581452689,95% analytic t CI for mean OLS guide
b,-2.879396984924623,-0.0488425348541037,-0.0695506778810787,-0.0281343918271288,95% analytic t CI for mean OLS guide
b,-2.849246231155779,-0.0485961983481515,-0.0691607080378066,-0.0280316886584965,95% analytic t CI for mean OLS guide
b,-2.819095477386935,-0.0483498618421993,-0.0687708779326833,-0.0279288457517154,95% analytic t CI for mean OLS guide
b,-2.78894472361809,-0.0481035253362471,-0.0683811905322532,-0.027825860140241,95% analytic t CI for mean OLS guide
b,-2.758793969849246,-0.0478571888302949,-0.0679916488845515,-0.0277227287760383,95% analytic t CI for mean OLS guide
b,-2.728643216080402,-0.0476108523243427,-0.0676022561218056,-0.0276194485268798,95% analytic t CI for mean OLS guide
b,-2.698492462311558,-0.0473645158183905,-0.0672130154632403,-0.0275160161735407,95% analytic t CI for mean OLS guide
b,-2.6683417085427137,-0.0471181793124383,-0.066823930217989,-0.0274124284068876,95% analytic t CI for mean OLS guide
b,-2.6381909547738696,-0.0468718428064861,-0.066435003788118,-0.0273086818248541,95% analytic t CI for mean OLS guide
b,-2.608040201005025,-0.0466255063005339,-0.0660462396717664,-0.0272047729293013,95% analytic t CI for mean OLS guide
b,-2.577889447236181,-0.0463791697945816,-0.0656576414664074,-0.0271006981227559,95% analytic t CI for mean OLS guide
b,-2.5477386934673367,-0.0461328332886294,-0.0652692128722366,-0.0269964537050223,95% analytic t CI for mean OLS guide
b,-2.5175879396984926,-0.0458864967826772,-0.0648809576956916,-0.0268920358696629,95% analytic t CI for mean OLS guide
b,-2.4874371859296485,-0.045640160276725,-0.0644928798531094,-0.0267874407003406,95% analytic t CI for mean OLS guide
b,-2.457286432160804,-0.0453938237707728,-0.0641049833745272,-0.0266826641670184,95% analytic t CI for mean OLS guide
b,-2.42713567839196,-0.0451474872648206,-0.0637172724076319,-0.0265777021220093,95% analytic t CI for mean OLS guide
b,-2.3969849246231156,-0.0449011507588684,-0.0633297512218662,-0.0264725502958705,95% analytic t CI for mean OLS guide
b,-2.3668341708542715,-0.0446548142529162,-0.0629424242126966,-0.0263672042931357,95% analytic t CI for mean OLS guide
b,-2.3366834170854274,-0.044408477746964,-0.0625552959060501,-0.0262616595878778,95% analytic t CI for mean OLS guide
b,-2.306532663316583,-0.0441621412410117,-0.0621683709629286,-0.0261559115190949,95% analytic t CI for mean OLS guide
b,-2.2763819095477387,-0.0439158047350595,-0.0617816541842061,-0.026049955285913,95% analytic t CI for mean OLS guide
b,-2.2462311557788945,-0.0436694682291073,-0.0613951505156182,-0.0259437859425965,95% analytic t CI for mean OLS guide
b,-2.2160804020100504,-0.0434231317231551,-0.0610088650529512,-0.025837398393359,95% analytic t CI for mean OLS guide
b,-2.1859296482412063,-0.0431767952172029,-0.0606228030474403,-0.0257307873869656,95% analytic t CI for mean OLS guide
b,-2.1557788944723617,-0.0429304587112507,-0.0602369699113837,-0.0256239475111177,95% analytic t CI for mean OLS guide
b,-2.1256281407035176,-0.0426841222052985,-0.0598513712239846,-0.0255168731866124,95% analytic t CI for mean OLS guide
b,-2.0954773869346734,-0.0424377856993463,-0.0594660127374279,-0.0254095586612647,95% analytic t CI for mean OLS guide
b,-2.0653266331658293,-0.0421914491933941,-0.0590809003832034,-0.0253019980035847,95% analytic t CI for mean OLS guide
b,-2.035175879396985,-0.0419451126874419,-0.0586960402786852,-0.0251941850961985,95% analytic t CI for mean OLS guide
b,-2.0050251256281406,-0.0416987761814897,-0.0583114387339773,-0.025086113629002,95% analytic t CI for mean OLS guide
b,-1.9748743718592965,-0.0414524396755374,-0.0579271022590381,-0.0249777770920368,95% analytic t CI for mean OLS guide
b,-1.9447236180904524,-0.0412061031695852,-0.0575430375710938,-0.0248691687680767,95% analytic t CI for mean OLS guide
b,-1.914572864321608,-0.040959766663633,-0.057159251602353,-0.024760281724913,95% analytic t CI for mean OLS guide
b,-1.884422110552764,-0.0407134301576808,-0.0567757515080356,-0.0246511088073261,95% analytic t CI for mean OLS guide
b,-1.8542713567839195,-0.0404670936517286,-0.0563925446747274,-0.0245416426287298,95% analytic t CI for mean OLS guide
b,-1.8241206030150752,-0.0402207571457764,-0.056009638729075,-0.0244318755624777,95% analytic t CI for mean OLS guide
b,-1.7939698492462313,-0.0399744206398242,-0.0556270415468335,-0.0243217997328148,95% analytic t CI for mean OLS guide
b,-1.763819095477387,-0.039728084133872,-0.055244761262281,-0.024211407005463,95% analytic t CI for mean OLS guide
b,-1.7336683417085428,-0.0394817476279198,-0.0548628062780146,-0.0241006889778249,95% analytic t CI for mean OLS guide
b,-1.7035175879396989,-0.0392354111219676,-0.0544811852751436,-0.0239896369687915,95% analytic t CI for mean OLS guide
b,-1.6733668341708543,-0.0389890746160153,-0.054099907223892,-0.0238782420081387,95% analytic t CI for mean OLS guide
b,-1.6432160804020102,-0.0387427381100631,-0.0537189813946292,-0.0237664948254971,95% analytic t CI for mean OLS guide
b,-1.6130653266331658,-0.0384964016041109,-0.0533384173693423,-0.0236543858388796,95% analytic t CI for mean OLS guide
b,-1.5829145728643217,-0.0382500650981587,-0.0529582250535667,-0.0235419051427508,95% analytic t CI for mean OLS guide
b,-1.5527638190954771,-0.0380037285922065,-0.0525784146887913,-0.0234290424956217,95% analytic t CI for mean OLS guide
b,-1.5226130653266332,-0.0377573920862543,-0.0521989968653542,-0.0233157873071544,95% analytic t CI for mean OLS guide
b,-1.492462311557789,-0.0375110555803021,-0.0518199825358457,-0.0232021286247584,95% analytic t CI for mean OLS guide
b,-1.4623115577889447,-0.0372647190743499,-0.0514413830290351,-0.0230880551196646,95% analytic t CI for mean OLS guide
b,-1.4321608040201006,-0.0370183825683977,-0.0510632100643367,-0.0229735550724586,95% analytic t CI for mean OLS guide
b,-1.4020100502512562,-0.0367720460624454,-0.0506854757668326,-0.0228586163580583,95% analytic t CI for mean OLS guide
b,-1.371859296482412,-0.0365257095564932,-0.0503081926828672,-0.0227432264301193,95% analytic t CI for mean OLS guide
b,-1.341708542713568,-0.036279373050541,-0.0499313737962292,-0.0226273723048529,95% analytic t CI for mean OLS guide
b,-1.3115577889447236,-0.0360330365445888,-0.0495550325449351,-0.0225110405442426,95% analytic t CI for mean OLS guide
b,-1.2814070351758795,-0.0357867000386366,-0.0491791828386299,-0.0223942172386434,95% analytic t CI for mean OLS guide
b,-1.2512562814070352,-0.0355403635326844,-0.0488038390766161,-0.0222768879887527,95% analytic t CI for mean OLS guide
b,-1.221105527638191,-0.0352940270267322,-0.0484290161665243,-0.02215903788694,95% analytic t CI for mean OLS guide
b,-1.190954773869347,-0.03504769052078,-0.0480547295436347,-0.0220406514979252,95% analytic t CI for mean OLS guide
b,-1.1608040201005023,-0.0348013540148278,-0.0476809951908582,-0.0219217128387973,95% analytic t CI for mean OLS guide
b,-1.1306532663316584,-0.0345550175088756,-0.047307829659384,-0.0218022053583671,95% analytic t CI for mean OLS guide
b,-1.100502512562814,-0.0343086810029234,-0.0469352500899967,-0.02168211191585,95% analytic t CI for mean OLS guide
b,-1.07035175879397,-0.0340623444969711,-0.0465632742350643,-0.0215614147588779,95% analytic t CI for mean OLS guide
b,-1.0402010050251258,-0.0338160079910189,-0.0461919204811941,-0.0214400955008438,95% analytic t CI for mean OLS guide
b,-1.0100502512562817,-0.0335696714850667,-0.0458212078725501,-0.0213181350975834,95% analytic t CI for mean OLS guide
b,-0.9798994974874372,-0.0333233349791145,-0.0454511561348212,-0.0211955138234078,95% analytic t CI for mean OLS guide
b,-0.949748743718593,-0.0330769984731623,-0.0450817856998236,-0.021072211246501,95% analytic t CI for mean OLS guide
b,-0.9195979899497488,-0.0328306619672101,-0.0447131177307145,-0.0209482062037057,95% analytic t CI for mean OLS guide
b,-0.8894472361809047,-0.0325843254612579,-0.0443451741477895,-0.0208234767747263,95% analytic t CI for mean OLS guide
b,-0.8592964824120606,-0.0323379889553057,-0.0439779776548264,-0.020698000255785,95% analytic t CI for mean OLS guide
b,-0.829145728643216,-0.0320916524493535,-0.0436115517659304,-0.0205717531327765,95% analytic t CI for mean OLS guide
b,-0.7989949748743719,-0.0318453159434013,-0.0432459208328269,-0.0204447110539756,95% analytic t CI for mean OLS guide
b,-0.7688442211055277,-0.031598979437449,-0.0428811100725351,-0.020316848802363,95% analytic t CI for mean OLS guide
b,-0.7386934673366836,-0.0313526429314968,-0.0425171455953472,-0.0201881402676465,95% analytic t CI for mean OLS guide
b,-0.7085427135678395,-0.0311063064255446,-0.042154054433022,-0.0200585584180672,95% analytic t CI for mean OLS guide
b,-0.6783919597989949,-0.0308599699195924,-0.0417918645670881,-0.0199280752720967,95% analytic t CI for mean OLS guide
b,-0.6482412060301508,-0.0306136334136402,-0.0414306049571358,-0.0197966618701446,95% analytic t CI for mean OLS guide
b,-0.6180904522613067,-0.030367296907688,-0.0410703055689601,-0.0196642882464159,95% analytic t CI for mean OLS guide
b,-0.5879396984924625,-0.0301209604017358,-0.0407109974023965,-0.0195309234010751,95% analytic t CI for mean OLS guide
b,-0.5577889447236184,-0.0298746238957836,-0.0403527125186711,-0.0193965352728961,95% analytic t CI for mean OLS guide
b,-0.5276381909547738,-0.0296282873898314,-0.0399954840670643,-0.0192610907125984,95% analytic t CI for mean OLS guide
b,-0.4974874371859297,-0.0293819508838791,-0.0396393463106627,-0.0191245554570956,95% analytic t CI for mean OLS guide
b,-0.4673366834170855,-0.0291356143779269,-0.0392843346509464,-0.0189868941049075,95% analytic t CI for mean OLS guide
b,-0.4371859296482414,-0.0288892778719747,-0.0389304856509332,-0.0188480700930163,95% analytic t CI for mean OLS guide
b,-0.4070351758793973,-0.0286429413660225,-0.03857783705657,-0.018708045675475,95% analytic t CI for mean OLS guide
b,-0.3768844221105527,-0.0283966048600703,-0.0382264278160308,-0.0185667819041099,95% analytic t CI for mean OLS guide
b,-0.3467336683417086,-0.0281502683541181,-0.0378762980965474,-0.0184242386116888,95% analytic t CI for mean OLS guide
b,-0.3165829145728644,-0.0279039318481659,-0.0375274892983678,-0.018280374397964,95% analytic t CI for mean OLS guide
b,-0.2864321608040203,-0.0276575953422137,-0.0371800440653982,-0.0181351466190292,95% analytic t CI for mean OLS guide
b,-0.2562814070351762,-0.0274112588362615,-0.036834006292054,-0.017988511380469,95% analytic t CI for mean OLS guide
b,-0.2261306532663316,-0.0271649223303093,-0.0364894211258068,-0.0178404235348117,95% analytic t CI for mean OLS guide
b,-0.1959798994974875,-0.026918585824357,-0.0361463349648815,-0.0176908366838326,95% analytic t CI for mean OLS guide
b,-0.1658291457286433,-0.0266722493184048,-0.0358047954505242,-0.0175397031862855,95% analytic t CI for mean OLS guide
b,-0.1356783919597992,-0.0264259128124526,-0.0354648514532308,-0.0173869741716745,95% analytic t CI for mean OLS guide
b,-0.1055276381909546,-0.0261795763065004,-0.0351265530522979,-0.0172325995607029,95% analytic t CI for mean OLS guide
b,-0.0753768844221105,-0.0259332398005482,-0.0347899515080361,-0.0170765280930603,95% analytic t CI for mean OLS guide
b,-0.0452261306532664,-0.025686903294596,-0.0344550992259658,-0.0169187073632262,95% analytic t CI for mean OLS guide
b,-0.0150753768844222,-0.0254405667886438,-0.0341220497123068,-0.0167590838649808,95% analytic t CI for mean OLS guide
b,0.0150753768844218,-0.0251942302826916,-0.0337908575200701,-0.0165976030453131,95% analytic t CI for mean OLS guide
b,0.0452261306532664,-0.0249478937767394,-0.0334615781850698,-0.016434209368409,95% analytic t CI for mean OLS guide
b,0.0753768844221105,-0.0247015572707872,-0.0331342681511911,-0.0162688463903832,95% analytic t CI for mean OLS guide
b,0.1055276381909546,-0.0244552207648349,-0.0328089846842872,-0.0161014568453827,95% analytic t CI for mean OLS guide
b,0.1356783919597988,-0.0242088842588827,-0.0324857857741254,-0.0159319827436401,95% analytic t CI for mean OLS guide
b,0.1658291457286429,-0.0239625477529305,-0.0321647300238713,-0.0157603654819898,95% analytic t CI for mean OLS guide
b,0.1959798994974875,-0.0237162112469783,-0.0318458765266849,-0.0155865459672717,95% analytic t CI for mean OLS guide
b,0.2261306532663316,-0.0234698747410261,-0.0315292847291099,-0.0154104647529424,95% analytic t CI for mean OLS guide
b,0.2562814070351757,-0.0232235382350739,-0.0312150142810622,-0.0152320621890855,95% analytic t CI for mean OLS guide
b,0.2864321608040199,-0.0229772017291217,-0.0309031248723784,-0.015051278585865,95% analytic t CI for mean OLS guide
b,0.316582914572864,-0.0227308652231695,-0.0305936760560486,-0.0148680543902903,95% analytic t CI for mean OLS guide
b,0.3467336683417086,-0.0224845287172173,-0.0302867270584604,-0.0146823303759741,95% analytic t CI for mean OLS guide
b,0.3768844221105527,-0.0222381922112651,-0.0299823365771828,-0.0144940478453473,95% analytic t CI for mean OLS guide
b,0.4070351758793968,-0.0219918557053128,-0.0296805625670601,-0.0143031488435656,95% analytic t CI for mean OLS guide
b,0.437185929648241,-0.0217455191993606,-0.0293814620156216,-0.0141095763830996,95% analytic t CI for mean OLS guide
b,0.4673366834170851,-0.0214991826934084,-0.0290850907090754,-0.0139132746777414,95% analytic t CI for mean OLS guide
b,0.4974874371859297,-0.0212528461874562,-0.0287915029904111,-0.0137141893845013,95% analytic t CI for mean OLS guide
b,0.5276381909547738,-0.021006509681504,-0.0285007515113984,-0.0135122678516096,95% analytic t CI for mean OLS guide
b,0.557788944723618,-0.0207601731755518,-0.0282128869805201,-0.0133074593705835,95% analytic t CI for mean OLS guide
b,0.5879396984924621,-0.0205138366695996,-0.0279279579091138,-0.0130997154300854,95% analytic t CI for mean OLS guide
b,0.6180904522613062,-0.0202675001636474,-0.0276460103582118,-0.012888989969083,95% analytic t CI for mean OLS guide
b,0.6482412060301508,-0.0200211636576952,-0.0273670876887473,-0.012675239626643,95% analytic t CI for mean OLS guide
b,0.6783919597989949,-0.019774827151743,-0.0270912303179383,-0.0124584239855476,95% analytic t CI for mean OLS guide
b,0.708542713567839,-0.0195284906457907,-0.0268184754847504,-0.0122385058068311,95% analytic t CI for mean OLS guide
b,0.7386934673366832,-0.0192821541398385,-0.0265488570273821,-0.0120154512522949,95% analytic t CI for mean OLS guide
b,0.7688442211055273,-0.0190358176338863,-0.0262824051756905,-0.0117892300920821,95% analytic t CI for mean OLS guide
b,0.7989949748743719,-0.0187894811279341,-0.0260191463613909,-0.0115598158944774,95% analytic t CI for mean OLS guide
b,0.829145728643216,-0.0185431446219819,-0.0257591030487121,-0.0113271861952517,95% analytic t CI for mean OLS guide
b,0.8592964824120601,-0.0182968081160297,-0.0255022935879719,-0.0110913226440875,95% analytic t CI for mean OLS guide
b,0.8894472361809043,-0.0180504716100775,-0.0252487320942545,-0.0108522111259005,95% analytic t CI for mean OLS guide
b,0.9195979899497484,-0.0178041351041253,-0.0249984283530403,-0.0106098418552103,95% analytic t CI for mean OLS guide
b,0.949748743718593,-0.0175577985981731,-0.024751387754243,-0.0103642094421031,95% analytic t CI for mean OLS guide
b,0.9798994974874372,-0.0173114620922209,-0.0245076112556899,-0.0101153129287519,95% analytic t CI for mean OLS guide
b,1.0100502512562812,-0.0170651255862686,-0.0242670953766169,-0.0098631557959204,95% analytic t CI for mean OLS guide
b,1.0402010050251258,-0.0168187890803164,-0.0240298322212847,-0.0096077459393482,95% analytic t CI for mean OLS guide
b,1.0703517587939697,-0.0165724525743642,-0.0237958095323407,-0.0093490956163878,95% analytic t CI for mean OLS guide
b,1.100502512562814,-0.016326116068412,-0.0235650107730898,-0.0090872213637342,95% analytic t CI for mean OLS guide
b,1.1306532663316575,-0.0160797795624598,-0.0233374152373958,-0.0088221438875239,95% analytic t CI for mean OLS guide
b,1.1608040201005023,-0.0158334430565076,-0.023112998185526,-0.0085538879274892,95% analytic t CI for mean OLS guide
b,1.190954773869347,-0.0155871065505554,-0.0228917310038971,-0.0082824820972137,95% analytic t CI for mean OLS guide
b,1.2211055276381906,-0.0153407700446032,-0.0226735813863684,-0.0080079587028379,95% analytic t CI for mean OLS guide
b,1.2512562814070352,-0.015094433538651,-0.0224585135344895,-0.0077303535428124,95% analytic t CI for mean OLS guide
b,1.2814070351758788,-0.0148480970326988,-0.0222464883739244,-0.0074497056914732,95% analytic t CI for mean OLS guide
b,1.3115577889447234,-0.0146017605267465,-0.0220374637841634,-0.0071660572693297,95% analytic t CI for mean OLS guide
b,1.341708542713568,-0.0143554240207943,-0.0218313948385825,-0.0068794532030061,95% analytic t CI for mean OLS guide
b,1.3718592964824117,-0.0141090875148421,-0.0216282340519237,-0.0065899409777605,95% analytic t CI for mean OLS guide
b,1.4020100502512562,-0.0138627510088899,-0.0214279316323395,-0.0062975703854403,95% analytic t CI for mean OLS guide
b,1.4321608040201,-0.0136164145029377,-0.0212304357352664,-0.006002393270609,95% analytic t CI for mean OLS guide
b,1.4623115577889445,-0.0133700779969855,-0.021035692716557,-0.005704463277414,95% analytic t CI for mean OLS guide
b,1.492462311557789,-0.0131237414910333,-0.0208436473824995,-0.0054038355995671,95% analytic t CI for mean OLS guide
b,1.5226130653266328,-0.0128774049850811,-0.0206542432345822,-0.00510056673558,95% analytic t CI for mean OLS guide
b,1.5527638190954771,-0.0126310684791289,-0.020467422707106,-0.0047947142511517,95% analytic t CI for mean OLS guide
b,1.582914572864321,-0.0123847319731767,-0.0202831273960073,-0.004486336550346,95% analytic t CI for mean OLS guide
b,1.6130653266331656,-0.0121383954672244,-0.0201012982775113,-0.0041754926569376,95% analytic t CI for mean OLS guide
b,1.6432160804020102,-0.0118920589612722,-0.0199218759154985,-0.0038622420070459,95% analytic t CI for mean OLS guide
b,1.673366834170854,-0.01164572245532,-0.019744800656715,-0.0035466442539251,95% analytic t CI for mean OLS guide
b,1.7035175879396984,-0.0113993859493678,-0.0195700128131932,-0.0032287590855424,95% analytic t CI for mean OLS guide
b,1.733668341708542,-0.0111530494434156,-0.019397452831475,-0.0029086460553562,95% analytic t CI for mean OLS guide
b,1.7638190954773867,-0.0109067129374634,-0.0192270614484243,-0.0025863644265025,95% analytic t CI for mean OLS guide
b,1.7939698492462313,-0.0106603764315112,-0.0190587798336036,-0.0022619730294188,95% analytic t CI for mean OLS guide
b,1.824120603015075,-0.010414039925559,-0.0188925497183427,-0.0019355301327753,95% analytic t CI for mean OLS guide
b,1.8542713567839195,-0.0101677034196068,-0.0187283135117676,-0.0016070933274459,95% analytic t CI for mean OLS guide
b,1.8844221105527632,-0.0099213669136546,-0.0185660144041719,-0.0012767194231372,95% analytic t CI for mean OLS guide
b,1.914572864321608,-0.0096750304077023,-0.0184055964582075,-0.0009444643571971,95% analytic t CI for mean OLS guide
b,1.9447236180904524,-0.0094286939017501,-0.0182470046884476,-0.0006103831150527,95% analytic t CI for mean OLS guide
b,1.974874371859296,-0.0091823573957979,-0.0180901851299293,-0.0002745296616666,95% analytic t CI for mean OLS guide
b,2.0050251256281406,-0.0089360208898457,-0.0179350848963276,6.304311663616474e-05,95% analytic t CI for mean OLS guide
b,2.0351758793969843,-0.0086896843838935,-0.0177816522284353,0.0004022834606482,95% analytic t CI for mean OLS guide
b,2.065326633165829,-0.0084433478779413,-0.0176298365336372,0.0007431407777546,95% analytic t CI for mean OLS guide
b,2.0954773869346734,-0.0081970113719891,-0.0174795884170722,0.0010855656730939,95% analytic t CI for mean OLS guide
b,2.125628140703517,-0.0079506748660369,-0.0173308597051645,0.0014295099730907,95% analytic t CI for mean OLS guide
b,2.1557788944723617,-0.0077043383600847,-0.0171836034621968,0.0017749267420274,95% analytic t CI for mean OLS guide
b,2.1859296482412054,-0.0074580018541325,-0.0170377740005704,0.0021217702923054,95% analytic t CI for mean OLS guide
b,2.21608040201005,-0.0072116653481802,-0.0168933268853772,0.0024699961890166,95% analytic t CI for mean OLS guide
b,2.2462311557788945,-0.006965328842228,-0.0167502189338761,0.00281956124942,95% analytic t CI for mean OLS guide
b,2.2763819095477382,-0.0067189923362758,-0.016608408210434,0.0031704235378823,95% analytic t CI for mean OLS guide
b,2.306532663316583,-0.0064726558303236,-0.0164678540174581,0.0035225423568108,95% analytic t CI for mean OLS guide
b,2.3366834170854265,-0.0062263193243714,-0.0163285168828121,0.0038758782340691,95% analytic t CI for mean OLS guide
b,2.366834170854271,-0.0059799828184192,-0.0161903585441727,0.0042303929073342,95% analytic t CI for mean OLS guide
b,2.3969849246231156,-0.005733646312467,-0.0160533419307483,0.0045860493058142,95% analytic t CI for mean OLS guide
b,2.4271356783919593,-0.0054873098065148,-0.0159174311427465,0.0049428115297168,95% analytic t CI for mean OLS guide
b,2.457286432160804,-0.0052409733005626,-0.0157825914289469,0.0053006448278217,95% analytic t CI for mean OLS guide
b,2.4874371859296476,-0.0049946367946104,-0.0156487891627001,0.0056595155734793,95% analytic t CI for mean OLS guide
b,2.517587939698492,-0.0047483002886581,-0.0155159918166453,0.0060193912393289,95% analytic t CI for mean OLS guide
b,2.5477386934673367,-0.0045019637827059,-0.0153841679364115,0.0063802403709995,95% analytic t CI for mean OLS guide
b,2.5778894472361804,-0.0042556272767537,-0.0152532871135367,0.0067420325600292,95% analytic t CI for mean OLS guide
b,2.608040201005025,-0.0040092907708015,-0.0151233199578191,0.0071047384162159,95% analytic t CI for mean OLS guide
b,2.6381909547738687,-0.0037629542648493,-0.0149942380692855,0.0074683295395868,95% analytic t CI for mean OLS guide
b,2.6683417085427132,-0.0035166177588971,-0.0148660140099462,0.0078327784921519,95% analytic t CI for mean OLS guide
b,2.698492462311558,-0.0032702812529449,-0.0147386212754804,0.0081980587695905,95% analytic t CI for mean OLS guide
b,2.7286432160804015,-0.0030239447469927,-0.0146120342669815,0.0085641447729961,95% analytic t CI for mean OLS guide
b,2.758793969849246,-0.0027776082410405,-0.0144862282628742,0.0089310117807932,95% analytic t CI for mean OLS guide
b,2.78894472361809,-0.0025312717350882,-0.0143611793910981,0.0092986359209215,95% analytic t CI for mean OLS guide
b,2.8190954773869343,-0.002284935229136,-0.0142368646016424,0.0096669941433702,95% analytic t CI for mean OLS guide
b,2.849246231155779,-0.0020385987231838,-0.0141132616395001,0.0100360641931324,95% analytic t CI for mean OLS guide
b,2.8793969849246226,-0.0017922622172316,-0.0139903490181021,0.0104058245836388,95% analytic t CI for mean OLS guide
b,2.909547738693467,-0.0015459257112794,-0.0138681059932792,0.0107762545707203,95% analytic t CI for mean OLS guide
b,2.9396984924623117,-0.0012995892053272,-0.0137465125377922,0.0111473341271377,95% analytic t CI for mean OLS guide
b,2.969849246231155,-0.001053252699375,-0.013625549316463,0.0115190439177129,95% analytic t CI for mean OLS guide
b,3.0,-0.0008069161934228,-0.0135051976619306,0.0118913652750849,95% analytic t CI for mean OLS guide
c,-3.0,-0.0380740849413611,-0.0550420551432415,-0.0211061147394808,95% analytic t CI for mean OLS guide
c,-2.969849246231156,-0.0378927005479035,-0.0547378368298651,-0.0210475642659419,95% analytic t CI for mean OLS guide
c,-2.9396984924623117,-0.0377113161544459,-0.0544338228459578,-0.020988809462934,95% analytic t CI for mean OLS guide
c,-2.909547738693467,-0.0375299317609883,-0.0541300177198412,-0.0209298458021354,95% analytic t CI for mean OLS guide
c,-2.879396984924623,-0.0373485473675307,-0.0538264261065795,-0.0208706686284819,95% analytic t CI for mean OLS guide
c,-2.849246231155779,-0.0371671629740731,-0.0535230527921212,-0.020811273156025,95% analytic t CI for mean OLS guide
c,-2.819095477386935,-0.0369857785806155,-0.0532199026975892,-0.0207516544636418,95% analytic t CI for mean OLS guide
c,-2.78894472361809,-0.0368043941871579,-0.052916980883723,-0.0206918074905927,95% analytic t CI for mean OLS guide
c,-2.758793969849246,-0.0366230097937003,-0.05261429255548,-0.0206317270319206,95% analytic t CI for mean OLS guide
c,-2.728643216080402,-0.0364416254002427,-0.0523118430667998,-0.0205714077336856,95% analytic t CI for mean OLS guide
c,-2.698492462311558,-0.0362602410067851,-0.0520096379255389,-0.0205108440880312,95% analytic t CI for mean OLS guide
c,-2.6683417085427137,-0.0360788566133274,-0.0517076827985805,-0.0204500304280744,95% analytic t CI for mean OLS guide
c,-2.6381909547738696,-0.0358974722198698,-0.051405983517125,-0.0203889609226147,95% analytic t CI for mean OLS guide
c,-2.608040201005025,-0.0357160878264122,-0.0511045460821692,-0.0203276295706553,95% analytic t CI for mean OLS guide
c,-2.577889447236181,-0.0355347034329546,-0.050803376670178,-0.0202660301957312,95% analytic t CI for mean OLS guide
c,-2.5477386934673367,-0.035353319039497,-0.0505024816389568,-0.0202041564400372,95% analytic t CI for mean OLS guide
c,-2.5175879396984926,-0.0351719346460394,-0.0502018675337301,-0.0201420017583487,95% analytic t CI for mean OLS guide
c,-2.4874371859296485,-0.0349905502525818,-0.0499015410934329,-0.0200795594117307,95% analytic t CI for mean OLS guide
c,-2.457286432160804,-0.0348091658591242,-0.0496015092572221,-0.0200168224610263,95% analytic t CI for mean OLS guide
c,-2.42713567839196,-0.0346277814656666,-0.0493017791712135,-0.0199537837601197,95% analytic t CI for mean OLS guide
c,-2.3969849246231156,-0.034446397072209,-0.0490023581954528,-0.0198904359489652,95% analytic t CI for mean OLS guide
c,-2.3668341708542715,-0.0342650126787514,-0.0487032539111252,-0.0198267714463775,95% analytic t CI for mean OLS guide
c,-2.3366834170854274,-0.0340836282852938,-0.0484044741280119,-0.0197627824425756,95% analytic t CI for mean OLS guide
c,-2.306532663316583,-0.0339022438918362,-0.0481060268921998,-0.0196984608914725,95% analytic t CI for mean OLS guide
c,-2.2763819095477387,-0.0337208594983786,-0.0478079204940506,-0.0196337985027065,95% analytic t CI for mean OLS guide
c,-2.2462311557788945,-0.033539475104921,-0.0475101634764363,-0.0195687867334056,95% analytic t CI for mean OLS guide
c,-2.2160804020100504,-0.0333580907114633,-0.0472127646432471,-0.0195034167796796,95% analytic t CI for mean OLS guide
c,-2.1859296482412063,-0.0331767063180057,-0.0469157330681778,-0.0194376795678337,95% analytic t CI for mean OLS guide
c,-2.1557788944723617,-0.0329953219245481,-0.0466190781037993,-0.019371565745297,95% analytic t CI for mean OLS guide
c,-2.1256281407035176,-0.0328139375310905,-0.0463228093909191,-0.019305065671262,95% analytic t CI for mean OLS guide
c,-2.0954773869346734,-0.0326325531376329,-0.0460269368682379,-0.0192381694070279,95% analytic t CI for mean OLS guide
c,-2.0653266331658293,-0.0324511687441753,-0.0457314707823056,-0.019170866706045,95% analytic t CI for mean OLS guide
c,-2.035175879396985,-0.0322697843507177,-0.0454364216977811,-0.0191031470036543,95% analytic t CI for mean OLS guide
c,-2.0050251256281406,-0.0320883999572601,-0.0451418005079995,-0.0190349994065207,95% analytic t CI for mean OLS guide
c,-1.9748743718592965,-0.0319070155638025,-0.0448476184458496,-0.0189664126817554,95% analytic t CI for mean OLS guide
c,-1.9447236180904524,-0.0317256311703449,-0.0445538870949628,-0.018897375245727,95% analytic t CI for mean OLS guide
c,-1.914572864321608,-0.0315442467768873,-0.0442606184012141,-0.0188278751525605,95% analytic t CI for mean OLS guide
c,-1.884422110552764,-0.0313628623834297,-0.0439678246845363,-0.0187579000823231,95% analytic t CI for mean OLS guide
c,-1.8542713567839195,-0.0311814779899721,-0.0436755186510431,-0.018687437328901,95% analytic t CI for mean OLS guide
c,-1.8241206030150752,-0.0310000935965145,-0.0433837134054604,-0.0186164737875685,95% analytic t CI for mean OLS guide
c,-1.7939698492462313,-0.0308187092030569,-0.0430924224638588,-0.0185449959422549,95% analytic t CI for mean OLS guide
c,-1.763819095477387,-0.0306373248095992,-0.0428016597666816,-0.0184729898525169,95% analytic t CI for mean OLS guide
c,-1.7336683417085428,-0.0304559404161416,-0.0425114396920592,-0.0184004411402241,95% analytic t CI for mean OLS guide
c,-1.7035175879396989,-0.030274556022684,-0.042221777069398,-0.0183273349759701,95% analytic t CI for mean OLS guide
c,-1.6733668341708543,-0.0300931716292264,-0.0419326871932302,-0.0182536560652227,95% analytic t CI for mean OLS guide
c,-1.6432160804020102,-0.0299117872357688,-0.0416441858373068,-0.0181793886342308,95% analytic t CI for mean OLS guide
c,-1.6130653266331658,-0.0297304028423112,-0.0413562892689154,-0.018104516415707,95% analytic t CI for mean OLS guide
c,-1.5829145728643217,-0.0295490184488536,-0.0410690142633959,-0.0180290226343113,95% analytic t CI for mean OLS guide
c,-1.5527638190954771,-0.029367634055396,-0.0407823781188294,-0.0179528899919626,95% analytic t CI for mean OLS guide
c,-1.5226130653266332,-0.0291862496619384,-0.0404963986708661,-0.0178761006530107,95% analytic t CI for mean OLS guide
c,-1.492462311557789,-0.0290048652684808,-0.0402110943076559,-0.0177986362293057,95% analytic t CI for mean OLS guide
c,-1.4623115577889447,-0.0288234808750232,-0.0399264839848399,-0.0177204777652065,95% analytic t CI for mean OLS guide
c,-1.4321608040201006,-0.0286420964815656,-0.039642587240554,-0.0176416057225771,95% analytic t CI for mean OLS guide
c,-1.4020100502512562,-0.028460712088108,-0.0393594242103922,-0.0175619999658237,95% analytic t CI for mean OLS guide
c,-1.371859296482412,-0.0282793276946504,-0.0390770156422669,-0.0174816397470338,95% analytic t CI for mean OLS guide
c,-1.341708542713568,-0.0280979433011928,-0.0387953829111007,-0.0174005036912849,95% analytic t CI for mean OLS guide
c,-1.3115577889447236,-0.0279165589077352,-0.0385145480332718,-0.0173185697821985,95% analytic t CI for mean OLS guide
c,-1.2814070351758795,-0.0277351745142776,-0.0382345336807316,-0.0172358153478235,95% analytic t CI for mean OLS guide
c,-1.2512562814070352,-0.0275537901208199,-0.0379553631946995,-0.0171522170469403,95% analytic t CI for mean OLS guide
c,-1.221105527638191,-0.0273724057273623,-0.0376770605988345,-0.0170677508558902,95% analytic t CI for mean OLS guide
c,-1.190954773869347,-0.0271910213339047,-0.0373996506117704,-0.0169823920560391,95% analytic t CI for mean OLS guide
c,-1.1608040201005023,-0.0270096369404471,-0.0371231586588933,-0.016896115222001,95% analytic t CI for mean OLS guide
c,-1.1306532663316584,-0.0268282525469895,-0.036847610883226,-0.0168088942107531,95% analytic t CI for mean OLS guide
c,-1.100502512562814,-0.0266468681535319,-0.0365730341552762,-0.0167207021517877,95% analytic t CI for mean OLS guide
c,-1.07035175879397,-0.0264654837600743,-0.0362994560816898,-0.0166315114384588,95% analytic t CI for mean OLS guide
c,-1.0402010050251258,-0.0262840993666167,-0.0360269050125413,-0.0165412937206921,95% analytic t CI for mean OLS guide
c,-1.0100502512562817,-0.0261027149731591,-0.0357554100470783,-0.0164500198992399,95% analytic t CI for mean OLS guide
c,-0.9798994974874372,-0.0259213305797015,-0.0354850010377272,-0.0163576601216758,95% analytic t CI for mean OLS guide
c,-0.949748743718593,-0.0257399461862439,-0.0352157085921511,-0.0162641837803367,95% analytic t CI for mean OLS guide
c,-0.9195979899497488,-0.0255585617927863,-0.0349475640731428,-0.0161695595124298,95% analytic t CI for mean OLS guide
c,-0.8894472361809047,-0.0253771773993287,-0.0346805995961184,-0.016073755202539,95% analytic t CI for mean OLS guide
c,-0.8592964824120606,-0.0251957930058711,-0.0344148480239704,-0.0159767379877717,95% analytic t CI for mean OLS guide
c,-0.829145728643216,-0.0250144086124135,-0.0341503429590257,-0.0158784742658012,95% analytic t CI for mean OLS guide
c,-0.7989949748743719,-0.0248330242189559,-0.0338871187318445,-0.0157789297060672,95% analytic t CI for mean OLS guide
c,-0.7688442211055277,-0.0246516398254982,-0.033625210386589,-0.0156780692644075,95% analytic t CI for mean OLS guide
c,-0.7386934673366836,-0.0244702554320406,-0.033364653662684,-0.0155758572013972,95% analytic t CI for mean OLS guide
c,-0.7085427135678395,-0.024288871038583,-0.0331054849724873,-0.0154722571046788,95% analytic t CI for mean OLS guide
c,-0.6783919597989949,-0.0241074866451254,-0.0328477413746857,-0.0153672319155652,95% analytic t CI for mean OLS guide
c,-0.6482412060301508,-0.0239261022516678,-0.0325914605431368,-0.0152607439601989,95% analytic t CI for mean OLS guide
c,-0.6180904522613067,-0.0237447178582102,-0.0323366807308781,-0.0151527549855423,95% analytic t CI for mean OLS guide
c,-0.5879396984924625,-0.0235633334647526,-0.0320834407290375,-0.0150432262004677,95% analytic t CI for mean OLS guide
c,-0.5577889447236184,-0.023381949071295,-0.0318317798203918,-0.0149321183221982,95% analytic t CI for mean OLS guide
c,-0.5276381909547738,-0.0232005646778374,-0.0315817377273386,-0.0148193916283362,95% analytic t CI for mean OLS guide
c,-0.4974874371859297,-0.0230191802843798,-0.0313333545540734,-0.0147050060146862,95% analytic t CI for mean OLS guide
c,-0.4673366834170855,-0.0228377958909222,-0.0310866707227903,-0.0145889210590541,95% analytic t CI for mean OLS guide
c,-0.4371859296482414,-0.0226564114974646,-0.0308417269037677,-0.0144710960911615,95% analytic t CI for mean OLS guide
c,-0.4070351758793973,-0.022475027104007,-0.0305985639392372,-0.0143514902687767,95% analytic t CI for mean OLS guide
c,-0.3768844221105527,-0.0222936427105494,-0.0303572227609901,-0.0142300626601086,95% analytic t CI for mean OLS guide
c,-0.3467336683417086,-0.0221122583170918,-0.0301177443017296,-0.0141067723324539,95% analytic t CI for mean OLS guide
c,-0.3165829145728644,-0.0219308739236342,-0.0298801694002437,-0.0139815784470246,95% analytic t CI for mean OLS guide
c,-0.2864321608040203,-0.0217494895301765,-0.0296445387005427,-0.0138544403598104,95% analytic t CI for mean OLS guide
c,-0.2562814070351762,-0.0215681051367189,-0.0294108925451853,-0.0137253177282526,95% analytic t CI for mean OLS guide
c,-0.2261306532663316,-0.0213867207432613,-0.0291792708630964,-0.0135941706234263,95% analytic t CI for mean OLS guide
c,-0.1959798994974875,-0.0212053363498037,-0.0289497130522716,-0.0134609596473359,95% analytic t CI for mean OLS guide
c,-0.1658291457286433,-0.0210239519563461,-0.0287222578578518,-0.0133256460548404,95% analytic t CI for mean OLS guide
c,-0.1356783919597992,-0.0208425675628885,-0.0284969432461452,-0.0131881918796319,95% analytic t CI for mean OLS guide
c,-0.1055276381909546,-0.0206611831694309,-0.0282738062752696,-0.0130485600635923,95% analytic t CI for mean OLS guide
c,-0.0753768844221105,-0.0204797987759733,-0.0280528829631793,-0.0129067145887673,95% analytic t CI for mean OLS guide
c,-0.0452261306532664,-0.0202984143825157,-0.0278342081539319,-0.0127626206110995,95% analytic t CI for mean OLS guide
c,-0.0150753768844222,-0.0201170299890581,-0.0276178153831328,-0.0126162445949834,95% analytic t CI for mean OLS guide
c,0.0150753768844218,-0.0199356455956005,-0.0274037367435751,-0.0124675544476259,95% analytic t CI for mean OLS guide
c,0.0452261306532664,-0.0197542612021429,-0.0271920027521561,-0.0123165196521296,95% analytic t CI for mean OLS guide
c,0.0753768844221105,-0.0195728768086853,-0.0269826422192076,-0.0121631113981629,95% analytic t CI for mean OLS guide
c,0.1055276381909546,-0.0193914924152277,-0.0267756821214174,-0.012007302709038,95% analytic t CI for mean OLS guide
c,0.1356783919597988,-0.0192101080217701,-0.0265711474795413,-0.0118490685639988,95% analytic t CI for mean OLS guide
c,0.1658291457286429,-0.0190287236283125,-0.0263690612421131,-0.0116883860145118,95% analytic t CI for mean OLS guide
c,0.1959798994974875,-0.0188473392348548,-0.0261694441763408,-0.0115252342933689,95% analytic t CI for mean OLS guide
c,0.2261306532663316,-0.0186659548413972,-0.0259723147673475,-0.011359594915447,95% analytic t CI for mean OLS guide
c,0.2562814070351757,-0.0184845704479396,-0.0257776891268571,-0.0111914517690222,95% analytic t CI for mean OLS guide
c,0.2864321608040199,-0.018303186054482,-0.0255855809123472,-0.0110207911966168,95% analytic t CI for mean OLS guide
c,0.316582914572864,-0.0181218016610244,-0.0253960012575981,-0.0108476020644508,95% analytic t CI for mean OLS guide
c,0.3467336683417086,-0.0179404172675668,-0.025208958715448,-0.0106718758196856,95% analytic t CI for mean OLS guide
c,0.3768844221105527,-0.0177590328741092,-0.0250244592134361,-0.0104936065347823,95% analytic t CI for mean OLS guide
c,0.4070351758793968,-0.0175776484806516,-0.0248425060228644,-0.0103127909384388,95% analytic t CI for mean OLS guide
c,0.437185929648241,-0.017396264087194,-0.0246630997416555,-0.0101294284327325,95% analytic t CI for mean OLS guide
c,0.4673366834170851,-0.0172148796937364,-0.0244862382912133,-0.0099435210962595,95% analytic t CI for mean OLS guide
c,0.4974874371859297,-0.0170334953002788,-0.0243119169273278,-0.0097550736732298,95% analytic t CI for mean OLS guide
c,0.5276381909547738,-0.0168521109068212,-0.0241401282649874,-0.009564093548655,95% analytic t CI for mean OLS guide
c,0.557788944723618,-0.0166707265133636,-0.0239708623167999,-0.0093705907099273,95% analytic t CI for mean OLS guide
c,0.5879396984924621,-0.016489342119906,-0.0238041065445568,-0.0091745776952551,95% analytic t CI for mean OLS guide
c,0.6180904522613062,-0.0163079577264484,-0.0236398459233255,-0.0089760695295713,95% analytic t CI for mean OLS guide
c,0.6482412060301508,-0.0161265733329908,-0.0234780630173145,-0.008775083648667,95% analytic t CI for mean OLS guide
c,0.6783919597989949,-0.0159451889395331,-0.0233187380666343,-0.008571639812432,95% analytic t CI for mean OLS guide
c,0.708542713567839,-0.0157638045460755,-0.0231618490839702,-0.0083657600081808,95% analytic t CI for mean OLS guide
c,0.7386934673366832,-0.0155824201526179,-0.023007371960099,-0.0081574683451368,95% analytic t CI for mean OLS guide
c,0.7688442211055273,-0.0154010357591603,-0.022855280577115,-0.0079467909412056,95% analytic t CI for mean OLS guide
c,0.7989949748743719,-0.0152196513657027,-0.0227055469281879,-0.0077337558032175,95% analytic t CI for mean OLS guide
c,0.829145728643216,-0.0150382669722451,-0.0225581412426509,-0.0075183927018394,95% analytic t CI for mean OLS guide
c,0.8592964824120601,-0.0148568825787875,-0.0224130321152134,-0.0073007330423616,95% analytic t CI for mean OLS guide
c,0.8894472361809043,-0.0146754981853299,-0.02227018663811,-0.0070808097325498,95% analytic t CI for mean OLS guide
c,0.9195979899497484,-0.0144941137918723,-0.0221295705350277,-0.0068586570487169,95% analytic t CI for mean OLS guide
c,0.949748743718593,-0.0143127293984147,-0.0219911482957039,-0.0066343105011255,95% analytic t CI for mean OLS guide
c,0.9798994974874372,-0.0141313450049571,-0.0218548833101473,-0.0064078066997668,95% analytic t CI for mean OLS guide
c,1.0100502512562812,-0.0139499606114995,-0.0217207380015087,-0.0061791832214902,95% analytic t CI for mean OLS guide
c,1.0402010050251258,-0.0137685762180419,-0.021588673956706,-0.0059484784793777,95% analytic t CI for mean OLS guide
c,1.0703517587939697,-0.0135871918245843,-0.0214586520540007,-0.0057157315951678,95% analytic t CI for mean OLS guide
c,1.100502512562814,-0.0134058074311267,-0.0213306325868102,-0.0054809822754432,95% analytic t CI for mean OLS guide
c,1.1306532663316575,-0.0132244230376691,-0.0212045753831363,-0.0052442706922018,95% analytic t CI for mean OLS guide
c,1.1608040201005023,-0.0130430386442114,-0.0210804399200856,-0.0050056373683373,95% analytic t CI for mean OLS guide
c,1.190954773869347,-0.0128616542507538,-0.0209581854330456,-0.0047651230684621,95% analytic t CI for mean OLS guide
c,1.2211055276381906,-0.0126802698572962,-0.0208377710191758,-0.0045227686954166,95% analytic t CI for mean OLS guide
c,1.2512562814070352,-0.0124988854638386,-0.0207191557349523,-0.004278615192725,95% analytic t CI for mean OLS guide
c,1.2814070351758788,-0.012317501070381,-0.0206022986875885,-0.0040327034531736,95% analytic t CI for mean OLS guide
c,1.3115577889447234,-0.0121361166769234,-0.0204871591202272,-0.0037850742336196,95% analytic t CI for mean OLS guide
c,1.341708542713568,-0.0119547322834658,-0.0203736964908657,-0.0035357680760659,95% analytic t CI for mean OLS guide
c,1.3718592964824117,-0.0117733478900082,-0.0202618705450374,-0.003284825234979,95% analytic t CI for mean OLS guide
c,1.4020100502512562,-0.0115919634965506,-0.0201516413823271,-0.0030322856107741,95% analytic t CI for mean OLS guide
c,1.4321608040201,-0.011410579103093,-0.0200429695168429,-0.0027781886893431,95% analytic t CI for mean OLS guide
c,1.4623115577889445,-0.0112291947096354,-0.0199358159318085,-0.0025225734874623,95% analytic t CI for mean OLS guide
c,1.492462311557789,-0.0110478103161778,-0.0198301421284719,-0.0022654785038837,95% analytic t CI for mean OLS guide
c,1.5226130653266328,-0.0108664259227202,-0.019725910169555,-0.0020069416758853,95% analytic t CI for mean OLS guide
c,1.5527638190954771,-0.0106850415292626,-0.0196230827174895,-0.0017470003410357,95% analytic t CI for mean OLS guide
c,1.582914572864321,-0.010503657135805,-0.0195216230676995,-0.0014856912039105,95% analytic t CI for mean OLS guide
c,1.6130653266331656,-0.0103222727423474,-0.0194214951772054,-0.0012230503074894,95% analytic t CI for mean OLS guide
c,1.6432160804020102,-0.0101408883488897,-0.019322663688827,-0.0009591130089525,95% analytic t CI for mean OLS guide
c,1.673366834170854,-0.0099595039554321,-0.0192250939512706,-0.0006939139595937,95% analytic t CI for mean OLS guide
c,1.7035175879396984,-0.0097781195619745,-0.0191287520353811,-0.000427487088568,95% analytic t CI for mean OLS guide
c,1.733668341708542,-0.0095967351685169,-0.0190336047468418,-0.000159865590192,95% analytic t CI for mean OLS guide
c,1.7638190954773867,-0.0094153507750593,-0.0189396196355937,0.000108918085475,95% analytic t CI for mean OLS guide
c,1.7939698492462313,-0.0092339663816017,-0.018846765002244,0.0003788322390404,95% analytic t CI for mean OLS guide
c,1.824120603015075,-0.0090525819881441,-0.0187550099017202,0.0006498459254319,95% analytic t CI for mean OLS guide
c,1.8542713567839195,-0.0088711975946865,-0.0186643241444205,0.0009219289550474,95% analytic t CI for mean OLS guide
c,1.8844221105527632,-0.0086898132012289,-0.018574678295094,0.0011950518926361,95% analytic t CI for mean OLS guide
c,1.914572864321608,-0.0085084288077713,-0.0184860436696791,0.0014691860541364,95% analytic t CI for mean OLS guide
c,1.9447236180904524,-0.0083270444143137,-0.0183983923303107,0.0017443035016832,95% analytic t CI for mean OLS guide
c,1.974874371859296,-0.0081456600208561,-0.0183116970786971,0.0020203770369848,95% analytic t CI for mean OLS guide
c,2.0050251256281406,-0.0079642756273985,-0.0182259314480533,0.0022973801932562,95% analytic t CI for mean OLS guide
c,2.0351758793969843,-0.0077828912339409,-0.0181410696937669,0.0025752872258851,95% analytic t CI for mean OLS guide
c,2.065326633165829,-0.0076015068404833,-0.0180570867829577,0.0028540731019911,95% analytic t CI for mean OLS guide
c,2.0954773869346734,-0.0074201224470257,-0.0179739583830817,0.0031337134890303,95% analytic t CI for mean OLS guide
c,2.125628140703517,-0.007238738053568,-0.0178916608497187,0.0034141847425825,95% analytic t CI for mean OLS guide
c,2.1557788944723617,-0.0070573536601104,-0.0178101712136704,0.0036954638934494,95% analytic t CI for mean OLS guide
c,2.1859296482412054,-0.0068759692666528,-0.0177294671674861,0.0039775286341803,95% analytic t CI for mean OLS guide
c,2.21608040201005,-0.0066945848731952,-0.0176495270515219,0.0042603573051313,95% analytic t CI for mean OLS guide
c,2.2462311557788945,-0.0065132004797376,-0.0175703298396309,0.0045439288801555,95% analytic t CI for mean OLS guide
c,2.2763819095477382,-0.00633181608628,-0.0174918551245715,0.0048282229520113,95% analytic t CI for mean OLS guide
c,2.306532663316583,-0.0061504316928224,-0.0174140831032137,0.0051132197175688,95% analytic t CI for mean OLS guide
c,2.3366834170854265,-0.0059690472993648,-0.0173369945616138,0.005398899962884,95% analytic t CI for mean OLS guide
c,2.366834170854271,-0.0057876629059072,-0.0172605708600216,0.0056852450482071,95% analytic t CI for mean OLS guide
c,2.3969849246231156,-0.0056062785124496,-0.0171847939178775,0.0059722368929783,95% analytic t CI for mean OLS guide
c,2.4271356783919593,-0.005424894118992,-0.0171096461988492,0.0062598579608651,95% analytic t CI for mean OLS guide
c,2.457286432160804,-0.0052435097255344,-0.0170351106959525,0.0065480912448837,95% analytic t CI for mean OLS guide
c,2.4874371859296476,-0.0050621253320768,-0.016961170916797,0.0068369202526433,95% analytic t CI for mean OLS guide
c,2.517587939698492,-0.0048807409386192,-0.0168878108689884,0.0071263289917499,95% analytic t CI for mean OLS guide
c,2.5477386934673367,-0.0046993565451616,-0.0168150150457197,0.0074163019553965,95% analytic t CI for mean OLS guide
c,2.5778894472361804,-0.004517972151704,-0.0167427684115751,0.0077068241081671,95% analytic t CI for mean OLS guide
c,2.608040201005025,-0.0043365877582463,-0.0166710563885692,0.0079978808720764,95% analytic t CI for mean OLS guide
c,2.6381909547738687,-0.0041552033647887,-0.0165998648424393,0.0082894581128617,95% analytic t CI for mean OLS guide
c,2.6683417085427132,-0.0039738189713311,-0.0165291800692074,0.0085815421265451,95% analytic t CI for mean OLS guide
c,2.698492462311558,-0.0037924345778735,-0.0164589887820229,0.0088741196262758,95% analytic t CI for mean OLS guide
c,2.7286432160804015,-0.0036110501844159,-0.0163892780982969,0.009167177729465,95% analytic t CI for mean OLS guide
c,2.758793969849246,-0.0034296657909583,-0.016320035527136,0.0094607039452192,95% analytic t CI for mean OLS guide
c,2.78894472361809,-0.0032482813975007,-0.0162512489570805,0.009754686162079,95% analytic t CI for mean OLS guide
c,2.8190954773869343,-0.0030668970040431,-0.0161829066441528,0.0100491126360665,95% analytic t CI for mean OLS guide
c,2.849246231155779,-0.0028855126105855,-0.0161149972002155,0.0103439719790444,95% analytic t CI for mean OLS guide
c,2.8793969849246226,-0.0027041282171279,-0.0160475095816438,0.0106392531473879,95% analytic t CI for mean OLS guide
c,2.909547738693467,-0.0025227438236703,-0.0159804330783085,0.0109349454309679,95% analytic t CI for mean OLS guide
c,2.9396984924623117,-0.0023413594302127,-0.0159137573028712,0.0112310384424457,95% analytic t CI for mean OLS guide
c,2.969849246231155,-0.0021599750367551,-0.0158474721803869,0.0115275221068766,95% analytic t CI for mean OLS guide
c,3.0,-0.0019785906432975,-0.0157815679382131,0.011824386651618,95% analytic t CI for mean OLS guide
