experiment1_record_id,category,comparison_position,familiar_target_preference
E1A001,Face,1,-0.0875
E1A001,Face,2,0.1875
E1A001,Face,3,-0.10625
E1A001,Face,4,-0.59375
E1A001,Face,5,-0.3
E1A001,Face,6,-0.15625
E1A001,Face,7,-0.225
E1A001,Face,8,-0.225
E1A001,Face,9,-0.18125
E1A001,Face,10,0.0625
E1A001,Face,11,0.0625
E1A001,Face,12,0.04375
E1A001,Face,13,-0.19375
E1A001,Face,14,-0.2
E1A001,Face,15,-0.19375
E1A001,Face,16,-0.06875
E1A001,Face,17,-0.49375
E1A001,Face,18,-0.28125
E1A001,Face,19,-0.15
E1A001,Face,20,-0.40625
E1A001,Face,21,-0.1625
E1A001,Face,22,-0.51875
E1A001,Face,23,-0.1625
E1A001,Face,24,-0.0875
E1A001,Face,25,-0.50625
E1A001,Face,26,0.09375
E1A002,Face,1,-0.0124999999999999
E1A002,Face,2,-0.23125
E1A002,Face,3,-0.13125
E1A002,Face,4,0
E1A002,Face,5,-0.175
E1A002,Face,6,-0.3875
E1A002,Face,7,-0.61875
E1A002,Face,8,0.3875
E1A002,Face,9,-0.48125
E1A002,Face,10,0.21875
E1A002,Face,11,-0.05
E1A002,Face,12,0.10625
E1A002,Face,13,0.125
E1A002,Face,14,0.3125
E1A002,Face,15,-0.08125
E1A002,Face,16,0.11875
E1A002,Face,17,-0.08125
E1A002,Face,18,0.075
E1A002,Face,19,0.25625
E1A002,Face,20,0.075
E1A002,Face,21,-0.0125
E1A002,Face,22,0.05
E1A002,Face,23,0.375
E1A002,Face,24,0.16875
E1A002,Face,25,0.19375
E1A002,Face,26,0.18125
E1A003,Face,1,0.3625
E1A003,Face,2,0.0375
E1A003,Face,3,-0.0187499999999999
E1A003,Face,4,0.33125
E1A003,Face,5,0.075
E1A003,Face,6,0.5625
E1A003,Face,7,0.025
E1A003,Face,8,-0.26875
E1A003,Face,9,0.325
E1A003,Face,10,0.025
E1A003,Face,11,0.25
E1A003,Face,12,0.31875
E1A003,Face,13,0.43125
E1A003,Face,14,0.44375
E1A003,Face,15,-0.125
E1A003,Face,16,0.1625
E1A003,Face,17,-0.0875000000000001
E1A003,Face,18,0.1375
E1A003,Face,19,0.7125
E1A003,Face,20,0.29375
E1A003,Face,21,0.7625
E1A003,Face,22,0.775
E1A003,Face,23,0.6375
E1A003,Face,24,0.875
E1A003,Face,25,0.7125
E1A003,Face,26,0.71875
E1A004,Face,1,0.24375
E1A004,Face,2,-0.06875
E1A004,Face,3,0.04375
E1A004,Face,4,0.20625
E1A004,Face,5,-0.31875
E1A004,Face,6,0.06875
E1A004,Face,7,0.275
E1A004,Face,8,-0.33125
E1A004,Face,9,-0.00625000000000001
E1A004,Face,10,0.0375
E1A004,Face,11,-0.075
E1A004,Face,12,0.10625
E1A004,Face,13,-0.39375
E1A004,Face,14,0.28125
E1A004,Face,15,-0.06875
E1A004,Face,16,0.2125
E1A004,Face,17,-0.26875
E1A004,Face,18,-0.13125
E1A004,Face,19,0.19375
E1A004,Face,20,-0.29375
E1A004,Face,21,0.45
E1A004,Face,22,-0.03125
E1A004,Face,23,0.25625
E1A004,Face,24,-0.1625
E1A004,Face,25,-0.475
E1A004,Face,26,0.025
E1A005,Face,1,-0.04375
E1A005,Face,2,-0.43125
E1A005,Face,3,-0.30625
E1A005,Face,4,-0.04375
E1A005,Face,5,-0.05
E1A005,Face,6,0.3
E1A005,Face,7,0.1375
E1A005,Face,8,0.08125
E1A005,Face,9,-0.6875
E1A005,Face,10,1.04083408558608e-17
E1A005,Face,11,-0.30625
E1A005,Face,12,0.04375
E1A005,Face,13,-0.075
E1A005,Face,14,-0.075
E1A005,Face,15,0.14375
E1A005,Face,16,0.14375
E1A005,Face,17,-0.01875
E1A005,Face,18,0.21875
E1A005,Face,19,-0.35
E1A005,Face,20,-0.03125
E1A005,Face,21,-0.075
E1A005,Face,22,-0.19375
E1A005,Face,23,-0.1125
E1A005,Face,24,0.13125
E1A005,Face,25,-0.6625
E1A005,Face,26,0.0375
E1A006,Face,1,0.0249999999999999
E1A006,Face,2,0.1875
E1A006,Face,3,0.06875
E1A006,Face,4,-0.19375
E1A006,Face,5,-0.36875
E1A006,Face,6,-0.16875
E1A006,Face,7,-0.33125
E1A006,Face,8,-0.11875
E1A006,Face,9,-0.1375
E1A006,Face,10,-0.44375
E1A006,Face,11,-0.69375
E1A006,Face,12,-0.1625
E1A006,Face,13,-0.3875
E1A006,Face,14,-0.275
E1A006,Face,15,-0.15
E1A006,Face,16,-0.03125
E1A006,Face,17,-0.625
E1A006,Face,18,-0.1875
E1A006,Face,19,-0.4875
E1A006,Face,20,-0.19375
E1A006,Face,21,-0.075
E1A006,Face,22,-0.21875
E1A006,Face,23,0.225
E1A006,Face,24,-0.5625
E1A006,Face,25,-0.34375
E1A006,Face,26,-0.15625
E1A007,Face,1,0.29375
E1A007,Face,2,0.325
E1A007,Face,3,0.11875
E1A007,Face,4,0.1875
E1A007,Face,5,0.28125
E1A007,Face,6,0.0125
E1A007,Face,7,0.5
E1A007,Face,8,-0.13125
E1A007,Face,9,0.25
E1A007,Face,10,0.10625
E1A007,Face,11,0.09375
E1A007,Face,12,0.375
E1A007,Face,13,0.05
E1A007,Face,14,0.45625
E1A007,Face,15,-0.04375
E1A007,Face,16,-0.125
E1A007,Face,17,0.33125
E1A007,Face,18,0.3
E1A007,Face,19,0.45
E1A007,Face,20,0.2
E1A007,Face,21,1
E1A007,Face,22,0.3875
E1A007,Face,23,-0.1
E1A007,Face,24,0.23125
E1A007,Face,25,0.3375
E1A007,Face,26,0.53125
E1A008,Face,1,-0.14375
E1A008,Face,2,0.0437500000000001
E1A008,Face,3,-0.34375
E1A008,Face,4,-0.1375
E1A008,Face,5,-0.35625
E1A008,Face,6,-0.525
E1A008,Face,7,-0.05
E1A008,Face,8,0.11875
E1A008,Face,9,0.35625
E1A008,Face,10,-0.3375
E1A008,Face,11,0.2
E1A008,Face,12,-0.525
E1A008,Face,13,0.2625
E1A008,Face,14,-0.08125
E1A008,Face,15,0
E1A008,Face,16,-0.09375
E1A008,Face,17,-0.08125
E1A008,Face,18,-0.525
E1A008,Face,19,-0.41875
E1A008,Face,20,0.1375
E1A008,Face,21,0.0125
E1A008,Face,22,-0.2375
E1A008,Face,23,-0.23125
E1A008,Face,24,-0.1125
E1A008,Face,25,0.03125
E1A008,Face,26,0.26875
E1A009,Face,1,-1.0625
E1A009,Face,2,0.9
E1A009,Face,3,-0.19375
E1A009,Face,4,1.2875
E1A009,Face,5,0.26875
E1A009,Face,6,1.00625
E1A009,Face,7,1.04375
E1A009,Face,8,-0.19375
E1A009,Face,9,0.075
E1A009,Face,10,1.4125
E1A009,Face,11,-0.06875
E1A009,Face,12,-0.1375
E1A009,Face,13,0.725
E1A009,Face,14,0.69375
E1A009,Face,15,0.78125
E1A009,Face,16,-0.18125
E1A009,Face,17,0.3625
E1A009,Face,18,0.0625000000000001
E1A009,Face,19,-0.0187499999999999
E1A009,Face,20,1.0625
E1A009,Face,21,0.70625
E1A009,Face,22,0.95
E1A009,Face,23,0.55625
E1A009,Face,24,1.45
E1A009,Face,25,1.1875
E1A009,Face,26,0.6375
E1A010,Face,1,0.11875
E1A010,Face,2,-0.45625
E1A010,Face,3,0.23125
E1A010,Face,4,-1.4
E1A010,Face,5,-0.18125
E1A010,Face,6,0.14375
E1A010,Face,7,-0.5
E1A010,Face,8,0.3
E1A010,Face,9,-0.44375
E1A010,Face,10,-0.0375
E1A010,Face,11,-0.88125
E1A010,Face,12,-1.2625
E1A010,Face,13,-0.25625
E1A010,Face,14,0.39375
E1A010,Face,15,-0.15
E1A010,Face,16,-0.34375
E1A010,Face,17,-0.9125
E1A010,Face,18,0.73125
E1A010,Face,19,-0.16875
E1A010,Face,20,-0.09375
E1A010,Face,21,-0.18125
E1A010,Face,22,-0.91875
E1A010,Face,23,-0.29375
E1A010,Face,24,-0.9375
E1A010,Face,25,-0.3
E1A010,Face,26,-0.3875
E1A011,Face,1,0.225
E1A011,Face,2,0.29375
E1A011,Face,3,0.23125
E1A011,Face,4,0.1875
E1A011,Face,5,0.125
E1A011,Face,6,0.6875
E1A011,Face,7,0.19375
E1A011,Face,8,0.4
E1A011,Face,9,0.66875
E1A011,Face,10,0.44375
E1A011,Face,11,0.38125
E1A011,Face,12,0.79375
E1A011,Face,13,0.60625
E1A011,Face,14,0.3625
E1A011,Face,15,0.63125
E1A011,Face,16,0.3875
E1A011,Face,17,0.53125
E1A011,Face,18,0.0875
E1A011,Face,19,0.35
E1A011,Face,20,-0.39375
E1A011,Face,21,0.25625
E1A011,Face,22,0.25625
E1A011,Face,23,0.69375
E1A011,Face,24,0.68125
E1A011,Face,25,0.7
E1A011,Face,26,-0.09375
E1A012,Face,1,0.1125
E1A012,Face,2,0.1875
E1A012,Face,3,-0.0125
E1A012,Face,4,-0.31875
E1A012,Face,5,-0.08125
E1A012,Face,6,0.2125
E1A012,Face,7,-0.33125
E1A012,Face,8,0.15625
E1A012,Face,9,-0.48125
E1A012,Face,10,0.23125
E1A012,Face,11,0.38125
E1A012,Face,12,0.09375
E1A012,Face,13,0.3375
E1A012,Face,14,-0.5875
E1A012,Face,15,0.10625
E1A012,Face,16,-0.1125
E1A012,Face,17,0.20625
E1A012,Face,18,0.29375
E1A012,Face,19,0.28125
E1A012,Face,20,0.19375
E1A012,Face,21,-0.21875
E1A012,Face,22,0.21875
E1A012,Face,23,-0.56875
E1A012,Face,24,0.35625
E1A012,Face,25,0.10625
E1A012,Face,26,0.3375
E1A013,Face,1,-0.18125
E1A013,Face,2,-0.06875
E1A013,Face,3,-0.1125
E1A013,Face,4,-0.25625
E1A013,Face,5,-0.325
E1A013,Face,6,0.11875
E1A013,Face,7,-0.19375
E1A013,Face,8,0.30625
E1A013,Face,9,0.625
E1A013,Face,10,0.18125
E1A013,Face,11,-0.1875
E1A013,Face,12,-0.3375
E1A013,Face,13,-0.05
E1A013,Face,14,0.04375
E1A013,Face,15,0.28125
E1A013,Face,16,0.11875
E1A013,Face,17,0.19375
E1A013,Face,18,0.3375
E1A013,Face,19,0.28125
E1A013,Face,20,0.3375
E1A013,Face,21,0.3125
E1A013,Face,22,-0.4
E1A013,Face,23,-0.225
E1A013,Face,24,-0.025
E1A013,Face,25,0.0875
E1A013,Face,26,-0.125
E1A014,Face,1,0.375
E1A014,Face,2,0.15625
E1A014,Face,3,-0.05625
E1A014,Face,4,0.3125
E1A014,Face,5,0.025
E1A014,Face,6,0.7625
E1A014,Face,7,0.46875
E1A014,Face,8,0.525
E1A014,Face,9,0.53125
E1A014,Face,10,0.2
E1A014,Face,11,0.0375
E1A014,Face,12,-0.4125
E1A014,Face,13,0.8625
E1A014,Face,14,0.36875
E1A014,Face,15,0.55625
E1A014,Face,16,1.11022302462516e-16
E1A014,Face,17,0.725
E1A014,Face,18,0.25
E1A014,Face,19,0.0375
E1A014,Face,20,0.35
E1A014,Face,21,0.41875
E1A014,Face,22,-0.5625
E1A014,Face,23,-0.0187500000000001
E1A014,Face,24,0.5625
E1A014,Face,25,-0.3375
E1A014,Face,26,0.875
E1A015,Face,1,0.14375
E1A015,Face,2,0.04375
E1A015,Face,3,0.05625
E1A015,Face,4,-0.1
E1A015,Face,5,0.1
E1A015,Face,6,-0.08125
E1A015,Face,7,0.11875
E1A015,Face,8,0.06875
E1A015,Face,9,0.0625
E1A015,Face,10,0.08125
E1A015,Face,11,0.05
E1A015,Face,12,0.0625
E1A015,Face,13,0.0875
E1A015,Face,14,0.0375
E1A015,Face,15,0.025
E1A015,Face,16,0.05625
E1A015,Face,17,0.11875
E1A015,Face,18,0.175
E1A015,Face,19,0.04375
E1A015,Face,20,0.05
E1A015,Face,21,-0.01875
E1A015,Face,22,0.15625
E1A015,Face,23,0.01875
E1A015,Face,24,0.06875
E1A015,Face,25,0.075
E1A015,Face,26,0.14375
E1A001,Scenery,1,0.114285714285714
E1A001,Scenery,2,-0.757142857142857
E1A001,Scenery,3,-0.0857142857142856
E1A001,Scenery,4,-0.885714285714286
E1A001,Scenery,5,1.07142857142857
E1A001,Scenery,6,0.0142857142857144
E1A001,Scenery,7,-0.585714285714286
E1A001,Scenery,8,-0.657142857142857
E1A001,Scenery,9,-0.0142857142857143
E1A001,Scenery,10,-1.11428571428571
E1A001,Scenery,11,-0.9
E1A001,Scenery,12,-0.257142857142857
E1A001,Scenery,13,0.514285714285714
E1A001,Scenery,14,-0.428571428571429
E1A001,Scenery,15,1.58603289232165e-17
E1A001,Scenery,16,0.0142857142857143
E1A001,Scenery,17,-0.285714285714286
E1A001,Scenery,18,-1.01428571428571
E1A001,Scenery,19,0.242857142857143
E1A001,Scenery,20,-0.785714285714286
E1A001,Scenery,21,-0.457142857142857
E1A001,Scenery,22,-1.54285714285714
E1A001,Scenery,23,0.0714285714285714
E1A001,Scenery,24,-0.814285714285714
E1A001,Scenery,25,-0.957142857142857
E1A001,Scenery,26,-0.528571428571429
E1A002,Scenery,1,-0.371428571428571
E1A002,Scenery,2,-0.814285714285714
E1A002,Scenery,3,-0.428571428571429
E1A002,Scenery,4,-1.88571428571429
E1A002,Scenery,5,-1.55714285714286
E1A002,Scenery,6,-0.271428571428571
E1A002,Scenery,7,-0.671428571428571
E1A002,Scenery,8,-1.8
E1A002,Scenery,9,-1.68571428571429
E1A002,Scenery,10,-0.0142857142857144
E1A002,Scenery,11,-0.6
E1A002,Scenery,12,-1
E1A002,Scenery,13,-1.08571428571429
E1A002,Scenery,14,-1.68571428571429
E1A002,Scenery,15,-1.17142857142857
E1A002,Scenery,16,-0.942857142857143
E1A002,Scenery,17,-1.28571428571429
E1A002,Scenery,18,-0.0714285714285714
E1A002,Scenery,19,-0.9
E1A002,Scenery,20,-1.15714285714286
E1A002,Scenery,21,-0.428571428571429
E1A002,Scenery,22,-0.985714285714286
E1A002,Scenery,23,-0.457142857142857
E1A002,Scenery,24,-0.6
E1A002,Scenery,25,-1.18571428571429
E1A002,Scenery,26,-0.785714285714286
E1A003,Scenery,1,-0.642857142857143
E1A003,Scenery,2,-0.142857142857143
E1A003,Scenery,3,0
E1A003,Scenery,4,1
E1A003,Scenery,5,1.42857142857143
E1A003,Scenery,6,-0.142857142857143
E1A003,Scenery,7,-0.428571428571429
E1A003,Scenery,8,-0.857142857142857
E1A003,Scenery,9,1.58571428571429
E1A003,Scenery,10,0.357142857142857
E1A003,Scenery,11,0.142857142857143
E1A003,Scenery,12,0.214285714285714
E1A003,Scenery,13,0.785714285714286
E1A003,Scenery,14,0.357142857142857
E1A003,Scenery,15,0.714285714285714
E1A003,Scenery,16,-1
E1A003,Scenery,17,-0.642857142857143
E1A003,Scenery,18,0.642857142857143
E1A003,Scenery,19,0.642857142857143
E1A003,Scenery,20,1.14285714285714
E1A003,Scenery,21,0.928571428571429
E1A003,Scenery,22,0.385714285714286
E1A003,Scenery,23,0.642857142857143
E1A003,Scenery,24,1.14285714285714
E1A003,Scenery,25,0.642857142857143
E1A003,Scenery,26,1.35714285714286
E1A004,Scenery,1,-0.714285714285714
E1A004,Scenery,2,0.328571428571429
E1A004,Scenery,3,-0.371428571428571
E1A004,Scenery,4,-0.0285714285714286
E1A004,Scenery,5,-0.385714285714286
E1A004,Scenery,6,-1.25714285714286
E1A004,Scenery,7,0.385714285714286
E1A004,Scenery,8,-0.271428571428571
E1A004,Scenery,9,-0.142857142857143
E1A004,Scenery,10,-0.628571428571428
E1A004,Scenery,11,0.4
E1A004,Scenery,12,0.457142857142857
E1A004,Scenery,13,-0.757142857142857
E1A004,Scenery,14,0.0428571428571428
E1A004,Scenery,15,-0.542857142857143
E1A004,Scenery,16,-0.285714285714286
E1A004,Scenery,17,-1.2
E1A004,Scenery,18,-0.785714285714286
E1A004,Scenery,19,0.0714285714285714
E1A004,Scenery,20,0.257142857142857
E1A004,Scenery,21,-0.771428571428571
E1A004,Scenery,22,-1.2
E1A004,Scenery,23,-1.25714285714286
E1A004,Scenery,24,0.285714285714286
E1A004,Scenery,25,0.342857142857143
E1A004,Scenery,26,-0.8
E1A005,Scenery,1,0.171428571428571
E1A005,Scenery,2,0.314285714285714
E1A005,Scenery,3,-0.414285714285714
E1A005,Scenery,4,0.0142857142857143
E1A005,Scenery,5,-0.157142857142857
E1A005,Scenery,6,-0.785714285714286
E1A005,Scenery,7,0.0285714285714285
E1A005,Scenery,8,0.528571428571429
E1A005,Scenery,9,-0.414285714285714
E1A005,Scenery,10,-0.385714285714286
E1A005,Scenery,11,-0.585714285714286
E1A005,Scenery,12,-0.114285714285714
E1A005,Scenery,13,-0.485714285714286
E1A005,Scenery,14,-0.442857142857143
E1A005,Scenery,15,-0.7
E1A005,Scenery,16,0.285714285714286
E1A005,Scenery,17,0.2
E1A005,Scenery,18,0.0571428571428572
E1A005,Scenery,19,-0.257142857142857
E1A005,Scenery,20,-0.0142857142857143
E1A005,Scenery,21,-0.357142857142857
E1A005,Scenery,22,-0.914285714285714
E1A005,Scenery,23,-0.3
E1A005,Scenery,24,-0.657142857142857
E1A005,Scenery,25,-0.0571428571428571
E1A005,Scenery,26,0.357142857142857
E1A006,Scenery,1,1.31428571428571
E1A006,Scenery,2,-0.857142857142857
E1A006,Scenery,3,-0.942857142857143
E1A006,Scenery,4,0.271428571428571
E1A006,Scenery,5,-2.3
E1A006,Scenery,6,-1.9
E1A006,Scenery,7,-2.01428571428571
E1A006,Scenery,8,-1.61428571428571
E1A006,Scenery,9,-1.37142857142857
E1A006,Scenery,10,-0.371428571428571
E1A006,Scenery,11,-0.957142857142857
E1A006,Scenery,12,-1
E1A006,Scenery,13,-1.3
E1A006,Scenery,14,-0.871428571428572
E1A006,Scenery,15,-1.88571428571429
E1A006,Scenery,16,-1.48571428571429
E1A006,Scenery,17,-1.85714285714286
E1A006,Scenery,18,-0.342857142857143
E1A006,Scenery,19,-1.57142857142857
E1A006,Scenery,20,-0.942857142857143
E1A006,Scenery,21,-1.98571428571429
E1A006,Scenery,22,-1.97142857142857
E1A006,Scenery,23,-0.985714285714286
E1A006,Scenery,24,-1.45714285714286
E1A006,Scenery,25,-1.44285714285714
E1A006,Scenery,26,-1.28571428571429
E1A007,Scenery,1,-0.514285714285714
E1A007,Scenery,2,0.8
E1A007,Scenery,3,-0.685714285714286
E1A007,Scenery,4,-0.928571428571429
E1A007,Scenery,5,-0.257142857142857
E1A007,Scenery,6,-0.542857142857143
E1A007,Scenery,7,-0.185714285714286
E1A007,Scenery,8,-0.3
E1A007,Scenery,9,-0.957142857142857
E1A007,Scenery,10,-1.37142857142857
E1A007,Scenery,11,-0.785714285714286
E1A007,Scenery,12,-0.842857142857143
E1A007,Scenery,13,-1.28571428571429
E1A007,Scenery,14,-0.385714285714286
E1A007,Scenery,15,-1.58571428571429
E1A007,Scenery,16,-0.614285714285714
E1A007,Scenery,17,-0.385714285714286
E1A007,Scenery,18,-0.8
E1A007,Scenery,19,-0.757142857142857
E1A007,Scenery,20,-0.5
E1A007,Scenery,21,-1.04285714285714
E1A007,Scenery,22,-0.514285714285714
E1A007,Scenery,23,-1.11428571428571
E1A007,Scenery,24,-0.714285714285714
E1A007,Scenery,25,-1.1
E1A007,Scenery,26,-0.828571428571428
E1A008,Scenery,1,-0.0857142857142857
E1A008,Scenery,2,-0.542857142857143
E1A008,Scenery,3,-0.585714285714286
E1A008,Scenery,4,-0.528571428571428
E1A008,Scenery,5,-1.11428571428571
E1A008,Scenery,6,-0.528571428571429
E1A008,Scenery,7,0.228571428571429
E1A008,Scenery,8,-0.2
E1A008,Scenery,9,0.214285714285714
E1A008,Scenery,10,0.0857142857142857
E1A008,Scenery,11,-0.171428571428571
E1A008,Scenery,12,-0.7
E1A008,Scenery,13,-0.114285714285714
E1A008,Scenery,14,-1
E1A008,Scenery,15,-0.314285714285714
E1A008,Scenery,16,-0.214285714285714
E1A008,Scenery,17,-0.785714285714286
E1A008,Scenery,18,-0.285714285714286
E1A008,Scenery,19,-0.628571428571428
E1A008,Scenery,20,-0.342857142857143
E1A008,Scenery,21,-0.185714285714286
E1A008,Scenery,22,-0.428571428571429
E1A008,Scenery,23,0.242857142857143
E1A008,Scenery,24,-0.428571428571428
E1A008,Scenery,25,-0.242857142857143
E1A008,Scenery,26,-0.514285714285714
E1A009,Scenery,1,-1.05714285714286
E1A009,Scenery,2,0.428571428571428
E1A009,Scenery,3,-0.414285714285714
E1A009,Scenery,4,0.9
E1A009,Scenery,5,0.2
E1A009,Scenery,6,-0.157142857142857
E1A009,Scenery,7,0.642857142857143
E1A009,Scenery,8,0.442857142857143
E1A009,Scenery,9,0.0714285714285714
E1A009,Scenery,10,0.242857142857143
E1A009,Scenery,11,1.05714285714286
E1A009,Scenery,12,-0.928571428571429
E1A009,Scenery,13,-0.271428571428571
E1A009,Scenery,14,0.0714285714285713
E1A009,Scenery,15,-0.5
E1A009,Scenery,16,-0.328571428571429
E1A009,Scenery,17,-0.3
E1A009,Scenery,18,1.08571428571429
E1A009,Scenery,19,0.242857142857143
E1A009,Scenery,20,-0.271428571428571
E1A009,Scenery,21,0.714285714285714
E1A009,Scenery,22,-0.842857142857143
E1A009,Scenery,23,1.34285714285714
E1A009,Scenery,24,0.471428571428571
E1A009,Scenery,25,-0.485714285714286
E1A009,Scenery,26,-0.7
E1A010,Scenery,1,-1.6
E1A010,Scenery,2,-0.814285714285714
E1A010,Scenery,3,-2.41428571428571
E1A010,Scenery,4,-1.25714285714286
E1A010,Scenery,5,0.0428571428571428
E1A010,Scenery,6,0.4
E1A010,Scenery,7,-1.94285714285714
E1A010,Scenery,8,-0.571428571428571
E1A010,Scenery,9,-1.2
E1A010,Scenery,10,-1.34285714285714
E1A010,Scenery,11,-1.51428571428571
E1A010,Scenery,12,-1.95714285714286
E1A010,Scenery,13,-0.371428571428571
E1A010,Scenery,14,0.4
E1A010,Scenery,15,-1.27142857142857
E1A010,Scenery,16,-1.48571428571429
E1A010,Scenery,17,-1.11428571428571
E1A010,Scenery,18,-1.55714285714286
E1A010,Scenery,19,-0.457142857142857
E1A010,Scenery,20,-1.81428571428571
E1A010,Scenery,21,-0.0999999999999999
E1A010,Scenery,22,-1.55714285714286
E1A010,Scenery,23,-1.75714285714286
E1A010,Scenery,24,-0.757142857142857
E1A010,Scenery,25,-1.14285714285714
E1A010,Scenery,26,-0.871428571428571
E1A011,Scenery,1,-0.614285714285714
E1A011,Scenery,2,-0.5
E1A011,Scenery,3,0.4
E1A011,Scenery,4,0.357142857142857
E1A011,Scenery,5,-1.05714285714286
E1A011,Scenery,6,-0.671428571428572
E1A011,Scenery,7,0.857142857142857
E1A011,Scenery,8,-0.8
E1A011,Scenery,9,-0.385714285714286
E1A011,Scenery,10,-0.642857142857143
E1A011,Scenery,11,-1.44285714285714
E1A011,Scenery,12,-1.17142857142857
E1A011,Scenery,13,0.0428571428571428
E1A011,Scenery,14,0.285714285714286
E1A011,Scenery,15,0.0571428571428571
E1A011,Scenery,16,-0.157142857142857
E1A011,Scenery,17,-0.471428571428571
E1A011,Scenery,18,-1.08571428571429
E1A011,Scenery,19,0.0285714285714287
E1A011,Scenery,20,-0.0857142857142858
E1A011,Scenery,21,-0.757142857142857
E1A011,Scenery,22,0.5
E1A011,Scenery,23,-0.642857142857143
E1A011,Scenery,24,-0.7
E1A011,Scenery,25,0.357142857142857
E1A011,Scenery,26,-0.257142857142857
E1A012,Scenery,1,-0.357142857142857
E1A012,Scenery,2,0.6
E1A012,Scenery,3,-1.98254111540207e-17
E1A012,Scenery,4,-0.242857142857143
E1A012,Scenery,5,-0.114285714285714
E1A012,Scenery,6,-0.0857142857142857
E1A012,Scenery,7,-1.58603289232165e-17
E1A012,Scenery,8,-0.514285714285714
E1A012,Scenery,9,-0.0571428571428571
E1A012,Scenery,10,0.0857142857142857
E1A012,Scenery,11,-0.128571428571429
E1A012,Scenery,12,-0.485714285714286
E1A012,Scenery,13,-0.228571428571429
E1A012,Scenery,14,-0.171428571428571
E1A012,Scenery,15,-0.485714285714286
E1A012,Scenery,16,-1.22857142857143
E1A012,Scenery,17,-0.528571428571429
E1A012,Scenery,18,-0.257142857142857
E1A012,Scenery,19,0.171428571428571
E1A012,Scenery,20,-0.6
E1A012,Scenery,21,-0.0857142857142857
E1A012,Scenery,22,-0.457142857142857
E1A012,Scenery,23,-0.1
E1A012,Scenery,24,-0.2
E1A012,Scenery,25,0.214285714285714
E1A012,Scenery,26,-0.271428571428571
E1A013,Scenery,1,-0.785714285714286
E1A013,Scenery,2,1.07142857142857
E1A013,Scenery,3,-0.285714285714286
E1A013,Scenery,4,0.285714285714286
E1A013,Scenery,5,0.285714285714286
E1A013,Scenery,6,0
E1A013,Scenery,7,-0.785714285714286
E1A013,Scenery,8,-0.214285714285714
E1A013,Scenery,9,0.285714285714286
E1A013,Scenery,10,-0.785714285714286
E1A013,Scenery,11,-1.92857142857143
E1A013,Scenery,12,-0.785714285714286
E1A013,Scenery,13,-0.0428571428571428
E1A013,Scenery,14,-0.242857142857143
E1A013,Scenery,15,-0.857142857142857
E1A013,Scenery,16,0.214285714285714
E1A013,Scenery,17,0.142857142857143
E1A013,Scenery,18,-0.0714285714285714
E1A013,Scenery,19,-0.428571428571429
E1A013,Scenery,20,0
E1A013,Scenery,21,0.642857142857143
E1A013,Scenery,22,-0.242857142857143
E1A013,Scenery,23,0.714285714285714
E1A013,Scenery,24,-0.714285714285714
E1A013,Scenery,25,0.428571428571429
E1A013,Scenery,26,-0.214285714285714
E1A014,Scenery,1,0.528571428571429
E1A014,Scenery,2,0.142857142857143
E1A014,Scenery,3,-0.271428571428571
E1A014,Scenery,4,0.1
E1A014,Scenery,5,-1.42857142857143
E1A014,Scenery,6,-0.114285714285714
E1A014,Scenery,7,0.214285714285714
E1A014,Scenery,8,-1.01428571428571
E1A014,Scenery,9,0.114285714285714
E1A014,Scenery,10,-0.6
E1A014,Scenery,11,-0.214285714285714
E1A014,Scenery,12,0.671428571428571
E1A014,Scenery,13,0.157142857142857
E1A014,Scenery,14,0.314285714285714
E1A014,Scenery,15,0.1
E1A014,Scenery,16,-0.0428571428571429
E1A014,Scenery,17,0.571428571428572
E1A014,Scenery,18,-1.85714285714286
E1A014,Scenery,19,-1.04285714285714
E1A014,Scenery,20,-0.0857142857142857
E1A014,Scenery,21,-0.557142857142857
E1A014,Scenery,22,-0.914285714285714
E1A014,Scenery,23,-0.114285714285714
E1A014,Scenery,24,0.4
E1A014,Scenery,25,0.457142857142857
E1A014,Scenery,26,-1.17142857142857
E1A015,Scenery,1,0.4
E1A015,Scenery,2,-0.128571428571428
E1A015,Scenery,3,0.142857142857143
E1A015,Scenery,4,-0.814285714285714
E1A015,Scenery,5,-0.571428571428571
E1A015,Scenery,6,-0.428571428571429
E1A015,Scenery,7,-0.128571428571429
E1A015,Scenery,8,-1.1
E1A015,Scenery,9,-0.342857142857143
E1A015,Scenery,10,-0.657142857142857
E1A015,Scenery,11,-0.5
E1A015,Scenery,12,-0.842857142857143
E1A015,Scenery,13,-0.5
E1A015,Scenery,14,-0.0714285714285714
E1A015,Scenery,15,-0.0571428571428571
E1A015,Scenery,16,-0.385714285714286
E1A015,Scenery,17,-1.1
E1A015,Scenery,18,-0.128571428571429
E1A015,Scenery,19,-0.8
E1A015,Scenery,20,-0.542857142857143
E1A015,Scenery,21,-0.614285714285714
E1A015,Scenery,22,-0.685714285714286
E1A015,Scenery,23,-0.757142857142857
E1A015,Scenery,24,-0.771428571428571
E1A015,Scenery,25,0.0714285714285714
E1A015,Scenery,26,-0.0571428571428572
E1A001,Geometry,1,-1.45
E1A001,Geometry,2,-0.15
E1A001,Geometry,3,-0.85
E1A001,Geometry,4,0.75
E1A001,Geometry,5,0.05
E1A001,Geometry,6,-1.55
E1A001,Geometry,7,-0.4
E1A001,Geometry,8,0.25
E1A001,Geometry,9,-0.9
E1A001,Geometry,10,-1.4
E1A001,Geometry,11,-1.8
E1A001,Geometry,12,-1.35
E1A001,Geometry,13,-2.35
E1A001,Geometry,14,0.6
E1A001,Geometry,15,-0.25
E1A001,Geometry,16,0.55
E1A001,Geometry,17,-0.75
E1A001,Geometry,18,0.75
E1A001,Geometry,19,-1.8
E1A001,Geometry,20,-1.4
E1A001,Geometry,21,-0.6
E1A001,Geometry,22,-2
E1A001,Geometry,23,-1.4
E1A001,Geometry,24,-0.2
E1A001,Geometry,25,-0.75
E1A001,Geometry,26,-1.8
E1A002,Geometry,1,-1.4
E1A002,Geometry,2,0.25
E1A002,Geometry,3,-0.45
E1A002,Geometry,4,-0.6
E1A002,Geometry,5,-0.75
E1A002,Geometry,6,-1.5
E1A002,Geometry,7,-0.85
E1A002,Geometry,8,-0.75
E1A002,Geometry,9,-0.9
E1A002,Geometry,10,0.5
E1A002,Geometry,11,-0.9
E1A002,Geometry,12,-1.65
E1A002,Geometry,13,-1.25
E1A002,Geometry,14,-1.6
E1A002,Geometry,15,-2.55
E1A002,Geometry,16,-1.05
E1A002,Geometry,17,-1.5
E1A002,Geometry,18,-0.05
E1A002,Geometry,19,-2.05
E1A002,Geometry,20,0.1
E1A002,Geometry,21,1.5
E1A002,Geometry,22,-0.75
E1A002,Geometry,23,-1.3
E1A002,Geometry,24,0.05
E1A002,Geometry,25,-1.95
E1A002,Geometry,26,-2.95
E1A003,Geometry,1,1.35
E1A003,Geometry,2,1.4
E1A003,Geometry,3,1.55
E1A003,Geometry,4,1.4
E1A003,Geometry,5,0
E1A003,Geometry,6,-1.5
E1A003,Geometry,7,0.45
E1A003,Geometry,8,0.35
E1A003,Geometry,9,-1.7
E1A003,Geometry,10,-2
E1A003,Geometry,11,-1.7
E1A003,Geometry,12,-0.2
E1A003,Geometry,13,-1.65
E1A003,Geometry,14,1.35
E1A003,Geometry,15,-1.65
E1A003,Geometry,16,2.1
E1A003,Geometry,17,0.25
E1A003,Geometry,18,2.4
E1A003,Geometry,19,0.2
E1A003,Geometry,20,2.65
E1A003,Geometry,21,0
E1A003,Geometry,22,1.3
E1A003,Geometry,23,0.0499999999999998
E1A003,Geometry,24,0.35
E1A003,Geometry,25,1.6
E1A003,Geometry,26,-0.15
E1A004,Geometry,1,0
E1A004,Geometry,2,-2.1
E1A004,Geometry,3,0.2
E1A004,Geometry,4,1.4
E1A004,Geometry,5,1.85
E1A004,Geometry,6,2.05
E1A004,Geometry,7,-2.55
E1A004,Geometry,8,-0.85
E1A004,Geometry,9,0.7
E1A004,Geometry,10,1.8
E1A004,Geometry,11,2.1
E1A004,Geometry,12,1.05
E1A004,Geometry,13,-1.75
E1A004,Geometry,14,1.35
E1A004,Geometry,15,-0.05
E1A004,Geometry,16,-0.4
E1A004,Geometry,17,-0.05
E1A004,Geometry,18,2.5
E1A004,Geometry,19,-0.3
E1A004,Geometry,20,-0.35
E1A004,Geometry,21,1.3
E1A004,Geometry,22,-1.25
E1A004,Geometry,23,2.4
E1A004,Geometry,24,2
E1A004,Geometry,25,1.15
E1A004,Geometry,26,1.2
E1A005,Geometry,1,-0.65
E1A005,Geometry,2,-0.75
E1A005,Geometry,3,0
E1A005,Geometry,4,-0.65
E1A005,Geometry,5,-1
E1A005,Geometry,6,-0.5
E1A005,Geometry,7,-1
E1A005,Geometry,8,-1.5
E1A005,Geometry,9,-0.15
E1A005,Geometry,10,0.55
E1A005,Geometry,11,-0.8
E1A005,Geometry,12,-0.5
E1A005,Geometry,13,-0.6
E1A005,Geometry,14,0.5
E1A005,Geometry,15,-1.5
E1A005,Geometry,16,-1
E1A005,Geometry,17,-0.6
E1A005,Geometry,18,-0.5
E1A005,Geometry,19,-0.65
E1A005,Geometry,20,-0.25
E1A005,Geometry,21,-0.6
E1A005,Geometry,22,-1.5
E1A005,Geometry,23,-0.85
E1A005,Geometry,24,-2
E1A005,Geometry,25,-1
E1A005,Geometry,26,-0.25
E1A006,Geometry,1,0.95
E1A006,Geometry,2,0.55
E1A006,Geometry,3,-0.1
E1A006,Geometry,4,-0.75
E1A006,Geometry,5,-0.15
E1A006,Geometry,6,0.6
E1A006,Geometry,7,0.05
E1A006,Geometry,8,-1
E1A006,Geometry,9,0.35
E1A006,Geometry,10,-0.5
E1A006,Geometry,11,0.4
E1A006,Geometry,12,0.05
E1A006,Geometry,13,-0.25
E1A006,Geometry,14,-1.2
E1A006,Geometry,15,0.35
E1A006,Geometry,16,-0.15
E1A006,Geometry,17,-0.05
E1A006,Geometry,18,0.05
E1A006,Geometry,19,0.45
E1A006,Geometry,20,-0.9
E1A006,Geometry,21,-0.15
E1A006,Geometry,22,-0.55
E1A006,Geometry,23,-0.1
E1A006,Geometry,24,0.25
E1A006,Geometry,25,-0.25
E1A006,Geometry,26,-0.15
E1A007,Geometry,1,-0.95
E1A007,Geometry,2,-0.1
E1A007,Geometry,3,-1.25
E1A007,Geometry,4,-0.05
E1A007,Geometry,5,-1.55
E1A007,Geometry,6,1.2
E1A007,Geometry,7,-1.15
E1A007,Geometry,8,-0.75
E1A007,Geometry,9,-1.2
E1A007,Geometry,10,-1.45
E1A007,Geometry,11,-1.05
E1A007,Geometry,12,-2
E1A007,Geometry,13,0.05
E1A007,Geometry,14,-0.4
E1A007,Geometry,15,-1.35
E1A007,Geometry,16,0.5
E1A007,Geometry,17,-0.15
E1A007,Geometry,18,-1.1
E1A007,Geometry,19,-0.8
E1A007,Geometry,20,-1.35
E1A007,Geometry,21,-1
E1A007,Geometry,22,0.25
E1A007,Geometry,23,0.1
E1A007,Geometry,24,-1.1
E1A007,Geometry,25,-0.95
E1A007,Geometry,26,-1.35
E1A008,Geometry,1,1.15
E1A008,Geometry,2,0.95
E1A008,Geometry,3,0.75
E1A008,Geometry,4,1.55
E1A008,Geometry,5,0.7
E1A008,Geometry,6,-0.6
E1A008,Geometry,7,0.25
E1A008,Geometry,8,0.2
E1A008,Geometry,9,-0.45
E1A008,Geometry,10,0
E1A008,Geometry,11,1.3
E1A008,Geometry,12,-0.1
E1A008,Geometry,13,0.7
E1A008,Geometry,14,-0.4
E1A008,Geometry,15,-0.2
E1A008,Geometry,16,-0.45
E1A008,Geometry,17,-0.2
E1A008,Geometry,18,-0.55
E1A008,Geometry,19,1.55
E1A008,Geometry,20,-0.6
E1A008,Geometry,21,-0.8
E1A008,Geometry,22,-0.0499999999999999
E1A008,Geometry,23,-0.05
E1A008,Geometry,24,-0.4
E1A008,Geometry,25,0.15
E1A008,Geometry,26,0.55
E1A009,Geometry,1,-2.9
E1A009,Geometry,2,-2.8
E1A009,Geometry,3,2.45
E1A009,Geometry,4,-2.7
E1A009,Geometry,5,2.95
E1A009,Geometry,6,-0.4
E1A009,Geometry,7,-0.25
E1A009,Geometry,8,0
E1A009,Geometry,9,-3
E1A009,Geometry,10,3
E1A009,Geometry,11,-3
E1A009,Geometry,12,2.65
E1A009,Geometry,13,3
E1A009,Geometry,14,3
E1A009,Geometry,15,3
E1A009,Geometry,16,0
E1A009,Geometry,17,-2.25
E1A009,Geometry,18,-0.2
E1A009,Geometry,19,2.7
E1A009,Geometry,20,2.7
E1A009,Geometry,21,3
E1A009,Geometry,22,0.1
E1A009,Geometry,23,-0.1
E1A009,Geometry,24,-0.25
E1A009,Geometry,25,2.9
E1A009,Geometry,26,0
E1A010,Geometry,1,-1.05
E1A010,Geometry,2,-2.8
E1A010,Geometry,3,0
E1A010,Geometry,4,1.7
E1A010,Geometry,5,0.35
E1A010,Geometry,6,-0.2
E1A010,Geometry,7,-0.9
E1A010,Geometry,8,1
E1A010,Geometry,9,-1.2
E1A010,Geometry,10,-1.6
E1A010,Geometry,11,-3
E1A010,Geometry,12,-1.9
E1A010,Geometry,13,-0.15
E1A010,Geometry,14,-1.3
E1A010,Geometry,15,1.15
E1A010,Geometry,16,0.95
E1A010,Geometry,17,-2.1
E1A010,Geometry,18,1.05
E1A010,Geometry,19,-2.45
E1A010,Geometry,20,-0.85
E1A010,Geometry,21,0.75
E1A010,Geometry,22,1.3
E1A010,Geometry,23,0.2
E1A010,Geometry,24,-1.35
E1A010,Geometry,25,-1.7
E1A010,Geometry,26,-1.95
E1A011,Geometry,1,1.75
E1A011,Geometry,2,1
E1A011,Geometry,3,1
E1A011,Geometry,4,-0.05
E1A011,Geometry,5,1.85
E1A011,Geometry,6,1.25
E1A011,Geometry,7,1.15
E1A011,Geometry,8,1.35
E1A011,Geometry,9,1.45
E1A011,Geometry,10,1.3
E1A011,Geometry,11,1.45
E1A011,Geometry,12,1.4
E1A011,Geometry,13,1.45
E1A011,Geometry,14,1.5
E1A011,Geometry,15,-0.45
E1A011,Geometry,16,1.35
E1A011,Geometry,17,1.45
E1A011,Geometry,18,0.5
E1A011,Geometry,19,0.3
E1A011,Geometry,20,0.8
E1A011,Geometry,21,0.9
E1A011,Geometry,22,0.9
E1A011,Geometry,23,0.55
E1A011,Geometry,24,0.75
E1A011,Geometry,25,0
E1A011,Geometry,26,0.95
E1A012,Geometry,1,0.4
E1A012,Geometry,2,-0.1
E1A012,Geometry,3,-0.95
E1A012,Geometry,4,1.05
E1A012,Geometry,5,0.15
E1A012,Geometry,6,0
E1A012,Geometry,7,0
E1A012,Geometry,8,0.7
E1A012,Geometry,9,0.85
E1A012,Geometry,10,1.05
E1A012,Geometry,11,0.85
E1A012,Geometry,12,-0.15
E1A012,Geometry,13,-0.5
E1A012,Geometry,14,-0.4
E1A012,Geometry,15,0.4
E1A012,Geometry,16,0.45
E1A012,Geometry,17,-0.25
E1A012,Geometry,18,-1.35
E1A012,Geometry,19,0.1
E1A012,Geometry,20,1.55
E1A012,Geometry,21,1.1
E1A012,Geometry,22,0.8
E1A012,Geometry,23,0.65
E1A012,Geometry,24,-0.1
E1A012,Geometry,25,1.4
E1A012,Geometry,26,-0.05
E1A013,Geometry,1,-2.4
E1A013,Geometry,2,-1.1
E1A013,Geometry,3,-0.55
E1A013,Geometry,4,-0.8
E1A013,Geometry,5,0.05
E1A013,Geometry,6,-1.25
E1A013,Geometry,7,-0.25
E1A013,Geometry,8,-0.2
E1A013,Geometry,9,0.55
E1A013,Geometry,10,-0.35
E1A013,Geometry,11,-1.95
E1A013,Geometry,12,0.45
E1A013,Geometry,13,-1.45
E1A013,Geometry,14,-2.25
E1A013,Geometry,15,0.05
E1A013,Geometry,16,0.5
E1A013,Geometry,17,-0.75
E1A013,Geometry,18,-1.95
E1A013,Geometry,19,1.05
E1A013,Geometry,20,-1.1
E1A013,Geometry,21,-0.3
E1A013,Geometry,22,0.1
E1A013,Geometry,23,-1.9
E1A013,Geometry,24,-0.45
E1A013,Geometry,25,-1.3
E1A013,Geometry,26,-1.9
E1A014,Geometry,1,-0.65
E1A014,Geometry,2,0.55
E1A014,Geometry,3,0.95
E1A014,Geometry,4,-1.75
E1A014,Geometry,5,-1.75
E1A014,Geometry,6,-0.7
E1A014,Geometry,7,-1.8
E1A014,Geometry,8,-2.25
E1A014,Geometry,9,-2.5
E1A014,Geometry,10,0.1
E1A014,Geometry,11,-2.25
E1A014,Geometry,12,-2.55
E1A014,Geometry,13,-2.25
E1A014,Geometry,14,-2.5
E1A014,Geometry,15,2.6
E1A014,Geometry,16,-2.4
E1A014,Geometry,17,0.2
E1A014,Geometry,18,-2.4
E1A014,Geometry,19,-2.1
E1A014,Geometry,20,-2.65
E1A014,Geometry,21,-0.45
E1A014,Geometry,22,-2.6
E1A014,Geometry,23,-2.6
E1A014,Geometry,24,-0.75
E1A014,Geometry,25,-0.2
E1A014,Geometry,26,0
E1A015,Geometry,1,-1.75
E1A015,Geometry,2,-1.45
E1A015,Geometry,3,-1.25
E1A015,Geometry,4,-0.4
E1A015,Geometry,5,-1.5
E1A015,Geometry,6,-2.05
E1A015,Geometry,7,-1.35
E1A015,Geometry,8,-2.2
E1A015,Geometry,9,-0.1
E1A015,Geometry,10,-1.8
E1A015,Geometry,11,-0.6
E1A015,Geometry,12,-2.15
E1A015,Geometry,13,-1.1
E1A015,Geometry,14,-0.75
E1A015,Geometry,15,-1.55
E1A015,Geometry,16,-0.75
E1A015,Geometry,17,-0.55
E1A015,Geometry,18,-0.65
E1A015,Geometry,19,-2.7
E1A015,Geometry,20,-2.1
E1A015,Geometry,21,-0.15
E1A015,Geometry,22,-0.15
E1A015,Geometry,23,-2.1
E1A015,Geometry,24,-1.65
E1A015,Geometry,25,-0.95
E1A015,Geometry,26,-1.7
E1A001,Car,1,-0.8125
E1A001,Car,2,-0.025
E1A001,Car,3,-0.6375
E1A001,Car,4,-0.125
E1A001,Car,5,-0.1375
E1A001,Car,6,0.15
E1A001,Car,7,-0.6375
E1A001,Car,8,-0.275
E1A001,Car,9,-0.15
E1A001,Car,10,-1.3
E1A001,Car,11,-0.7625
E1A001,Car,12,-0.3375
E1A001,Car,13,-0.8125
E1A001,Car,14,-0.2375
E1A001,Car,15,-0.7375
E1A001,Car,16,-0.4
E1A001,Car,17,-0.7875
E1A001,Car,18,-0.35
E1A001,Car,19,0.125
E1A001,Car,20,-0.425
E1A001,Car,21,-0.7625
E1A001,Car,22,-0.8875
E1A001,Car,23,-0.4375
E1A001,Car,24,-0.275
E1A001,Car,25,-0.575
E1A001,Car,26,-0.225
E1A002,Car,1,0.1125
E1A002,Car,2,0.725
E1A002,Car,3,-0.1125
E1A002,Car,4,-0.8125
E1A002,Car,5,-0.075
E1A002,Car,6,-0.3375
E1A002,Car,7,0.3125
E1A002,Car,8,0.275
E1A002,Car,9,-0.35
E1A002,Car,10,0.175
E1A002,Car,11,0.025
E1A002,Car,12,0.3125
E1A002,Car,13,-0.3625
E1A002,Car,14,-0.5
E1A002,Car,15,-0.8875
E1A002,Car,16,0.125
E1A002,Car,17,-0.325
E1A002,Car,18,-0.225
E1A002,Car,19,0.5875
E1A002,Car,20,-0.7875
E1A002,Car,21,0.0125
E1A002,Car,22,-0.95
E1A002,Car,23,-0.425
E1A002,Car,24,-0.5875
E1A002,Car,25,-0.55
E1A002,Car,26,-0.3375
E1A003,Car,1,-1.2625
E1A003,Car,2,-0.25
E1A003,Car,3,-0.125
E1A003,Car,4,0.875
E1A003,Car,5,-0.25
E1A003,Car,6,0.125
E1A003,Car,7,-0.5625
E1A003,Car,8,0.4375
E1A003,Car,9,1.0625
E1A003,Car,10,-0.125
E1A003,Car,11,-0.75
E1A003,Car,12,-1.8375
E1A003,Car,13,-0.55
E1A003,Car,14,-0.9375
E1A003,Car,15,-0.925
E1A003,Car,16,0.55
E1A003,Car,17,-0.625
E1A003,Car,18,0.125
E1A003,Car,19,0.8375
E1A003,Car,20,-0.8
E1A003,Car,21,-0.375
E1A003,Car,22,0.4375
E1A003,Car,23,0.3375
E1A003,Car,24,-0.25
E1A003,Car,25,0
E1A003,Car,26,-1.125
E1A004,Car,1,-0.2
E1A004,Car,2,-0.2125
E1A004,Car,3,0.3375
E1A004,Car,4,-0.075
E1A004,Car,5,-1.0375
E1A004,Car,6,-0.725
E1A004,Car,7,-0.5625
E1A004,Car,8,-1.3875
E1A004,Car,9,0.175
E1A004,Car,10,-0.6875
E1A004,Car,11,-0.1875
E1A004,Car,12,-0.0625
E1A004,Car,13,0.075
E1A004,Car,14,0.2
E1A004,Car,15,-0.7
E1A004,Car,16,-0.525
E1A004,Car,17,-0.8875
E1A004,Car,18,-0.95
E1A004,Car,19,-0.0875
E1A004,Car,20,-0.4875
E1A004,Car,21,-1.4375
E1A004,Car,22,-0.9125
E1A004,Car,23,-0.7125
E1A004,Car,24,-0.3625
E1A004,Car,25,-0.6875
E1A004,Car,26,0.1625
E1A005,Car,1,-0.5375
E1A005,Car,2,-0.725
E1A005,Car,3,-0.625
E1A005,Car,4,-1.3875
E1A005,Car,5,-0.675
E1A005,Car,6,-0.4125
E1A005,Car,7,-0.65
E1A005,Car,8,-0.15
E1A005,Car,9,-0.6625
E1A005,Car,10,-0.1125
E1A005,Car,11,-0.975
E1A005,Car,12,-0.2875
E1A005,Car,13,-0.7125
E1A005,Car,14,-0.675
E1A005,Car,15,-0.2625
E1A005,Car,16,-0.9875
E1A005,Car,17,-0.45
E1A005,Car,18,-0.425
E1A005,Car,19,0.3
E1A005,Car,20,-0.1875
E1A005,Car,21,-0.5875
E1A005,Car,22,-1.1
E1A005,Car,23,-1.0625
E1A005,Car,24,-0.6
E1A005,Car,25,-0.675
E1A005,Car,26,-0.825
E1A006,Car,1,0.9
E1A006,Car,2,-0.0125
E1A006,Car,3,-1.0125
E1A006,Car,4,0.275
E1A006,Car,5,-0.1
E1A006,Car,6,-0.675
E1A006,Car,7,0.1125
E1A006,Car,8,0.025
E1A006,Car,9,0.3625
E1A006,Car,10,0.1
E1A006,Car,11,-0.7875
E1A006,Car,12,0.1
E1A006,Car,13,-0.25
E1A006,Car,14,-0.6375
E1A006,Car,15,-0.875
E1A006,Car,16,-1.6
E1A006,Car,17,-0.5125
E1A006,Car,18,-0.9625
E1A006,Car,19,-0.1625
E1A006,Car,20,-1.05
E1A006,Car,21,-1.1
E1A006,Car,22,-0.3375
E1A006,Car,23,-0.9375
E1A006,Car,24,-0.375
E1A006,Car,25,-0.45
E1A006,Car,26,-1.0125
E1A007,Car,1,-0.825
E1A007,Car,2,-0.75
E1A007,Car,3,-0.375
E1A007,Car,4,-0.175
E1A007,Car,5,-0.8875
E1A007,Car,6,-0.7125
E1A007,Car,7,-0.05
E1A007,Car,8,-0.525
E1A007,Car,9,-0.275
E1A007,Car,10,-0.0125
E1A007,Car,11,-0.8125
E1A007,Car,12,-0.0875
E1A007,Car,13,-0.9625
E1A007,Car,14,-0.95
E1A007,Car,15,-1.25
E1A007,Car,16,0.7875
E1A007,Car,17,-0.575
E1A007,Car,18,-0.325
E1A007,Car,19,-0.9125
E1A007,Car,20,-0.775
E1A007,Car,21,-0.2125
E1A007,Car,22,-1.2
E1A007,Car,23,0.2625
E1A007,Car,24,-0.625
E1A007,Car,25,0.0625
E1A007,Car,26,0.375
E1A008,Car,1,0.05
E1A008,Car,2,0.0625
E1A008,Car,3,0.05
E1A008,Car,4,-0.3625
E1A008,Car,5,-0.1
E1A008,Car,6,0.0375
E1A008,Car,7,-0.05
E1A008,Car,8,-0.1375
E1A008,Car,9,-0.1
E1A008,Car,10,-0.2125
E1A008,Car,11,0.175
E1A008,Car,12,-0.3125
E1A008,Car,13,0.175
E1A008,Car,14,0.2125
E1A008,Car,15,-0.2625
E1A008,Car,16,-0.0875
E1A008,Car,17,-0.125
E1A008,Car,18,0.05
E1A008,Car,19,-0.1125
E1A008,Car,20,-0.3
E1A008,Car,21,0.0875
E1A008,Car,22,0.0125
E1A008,Car,23,-0.0125
E1A008,Car,24,0.25
E1A008,Car,25,-0.025
E1A008,Car,26,-0.1625
E1A009,Car,1,1.625
E1A009,Car,2,0.85
E1A009,Car,3,0.225
E1A009,Car,4,1.5875
E1A009,Car,5,0.7875
E1A009,Car,6,2.0125
E1A009,Car,7,-0.95
E1A009,Car,8,2.1625
E1A009,Car,9,0.3875
E1A009,Car,10,2.1625
E1A009,Car,11,-0.45
E1A009,Car,12,0.475
E1A009,Car,13,1.6375
E1A009,Car,14,1.7125
E1A009,Car,15,2.1375
E1A009,Car,16,1.45
E1A009,Car,17,0.65
E1A009,Car,18,-0.8125
E1A009,Car,19,0.075
E1A009,Car,20,0.2375
E1A009,Car,21,1.2
E1A009,Car,22,2.5875
E1A009,Car,23,1.1
E1A009,Car,24,2.1625
E1A009,Car,25,1.15
E1A009,Car,26,1.325
E1A010,Car,1,0.6125
E1A010,Car,2,0.75
E1A010,Car,3,-1.225
E1A010,Car,4,-1.425
E1A010,Car,5,0.1875
E1A010,Car,6,-0.35
E1A010,Car,7,-0.675
E1A010,Car,8,-0.85
E1A010,Car,9,-0.1375
E1A010,Car,10,0.225
E1A010,Car,11,0.6
E1A010,Car,12,1
E1A010,Car,13,-1.4875
E1A010,Car,14,-0.7
E1A010,Car,15,-1.7125
E1A010,Car,16,-2.9125
E1A010,Car,17,-0.5875
E1A010,Car,18,-1.3375
E1A010,Car,19,-0.525
E1A010,Car,20,-1.4875
E1A010,Car,21,-0.975
E1A010,Car,22,-0.975
E1A010,Car,23,-2
E1A010,Car,24,-1.4125
E1A010,Car,25,0.0874999999999999
E1A010,Car,26,-0.45
E1A011,Car,1,1.3875
E1A011,Car,2,0.775
E1A011,Car,3,1.75
E1A011,Car,4,0.9125
E1A011,Car,5,1.6
E1A011,Car,6,0.875
E1A011,Car,7,2.075
E1A011,Car,8,2.25
E1A011,Car,9,2.1875
E1A011,Car,10,1.4375
E1A011,Car,11,1.95
E1A011,Car,12,1.425
E1A011,Car,13,1.0625
E1A011,Car,14,1.0125
E1A011,Car,15,2.0375
E1A011,Car,16,1.425
E1A011,Car,17,2.1125
E1A011,Car,18,-0.1
E1A011,Car,19,1.95
E1A011,Car,20,2.1
E1A011,Car,21,0.6125
E1A011,Car,22,1.075
E1A011,Car,23,1.525
E1A011,Car,24,1.7875
E1A011,Car,25,0.7875
E1A011,Car,26,2.0125
E1A012,Car,1,0.0125
E1A012,Car,2,-0.9375
E1A012,Car,3,-0.5125
E1A012,Car,4,-0.7625
E1A012,Car,5,0.0625
E1A012,Car,6,-0.0125000000000001
E1A012,Car,7,-0.2
E1A012,Car,8,-0.225
E1A012,Car,9,-0.075
E1A012,Car,10,-0.25
E1A012,Car,11,-0.7625
E1A012,Car,12,0.1375
E1A012,Car,13,-0.7
E1A012,Car,14,-0.6125
E1A012,Car,15,-0.425
E1A012,Car,16,-0.475
E1A012,Car,17,0.2375
E1A012,Car,18,-1.2
E1A012,Car,19,-0.85
E1A012,Car,20,0.5125
E1A012,Car,21,-0.3125
E1A012,Car,22,-0.2
E1A012,Car,23,-1.1625
E1A012,Car,24,0.2375
E1A012,Car,25,-0.2875
E1A012,Car,26,0.0624999999999999
E1A013,Car,1,-0.375
E1A013,Car,2,0.5625
E1A013,Car,3,-0.3125
E1A013,Car,4,0.1875
E1A013,Car,5,0.1875
E1A013,Car,6,0.125
E1A013,Car,7,0.6875
E1A013,Car,8,0.4375
E1A013,Car,9,0.2
E1A013,Car,10,-0.6875
E1A013,Car,11,0.25
E1A013,Car,12,0.375
E1A013,Car,13,0.1875
E1A013,Car,14,0
E1A013,Car,15,0.175
E1A013,Car,16,-0.375
E1A013,Car,17,0.5625
E1A013,Car,18,-0.1875
E1A013,Car,19,-0.75
E1A013,Car,20,0.6875
E1A013,Car,21,0.4375
E1A013,Car,22,-0.25
E1A013,Car,23,-0.25
E1A013,Car,24,-0.25
E1A013,Car,25,-1
E1A013,Car,26,0.125
E1A014,Car,1,0.1625
E1A014,Car,2,0.2625
E1A014,Car,3,0.2375
E1A014,Car,4,0.675
E1A014,Car,5,-0.5875
E1A014,Car,6,-0.4
E1A014,Car,7,-0.4125
E1A014,Car,8,-0.2125
E1A014,Car,9,0.15
E1A014,Car,10,0.275
E1A014,Car,11,-0.0500000000000001
E1A014,Car,12,0.375
E1A014,Car,13,1.0375
E1A014,Car,14,-0.3625
E1A014,Car,15,1.4
E1A014,Car,16,0.275
E1A014,Car,17,-0.0125
E1A014,Car,18,-1.575
E1A014,Car,19,-1.45
E1A014,Car,20,-0.15
E1A014,Car,21,0.35
E1A014,Car,22,0.625
E1A014,Car,23,0.05
E1A014,Car,24,-0.15
E1A014,Car,25,-0.7125
E1A014,Car,26,0.2375
E1A015,Car,1,-0.5
E1A015,Car,2,-0.25
E1A015,Car,3,-0.5125
E1A015,Car,4,-0.25
E1A015,Car,5,-0.375
E1A015,Car,6,-0.5625
E1A015,Car,7,-0.2875
E1A015,Car,8,-0.625
E1A015,Car,9,-0.575
E1A015,Car,10,-0.4875
E1A015,Car,11,-0.1125
E1A015,Car,12,-0.0375
E1A015,Car,13,-0.25
E1A015,Car,14,-0.2875
E1A015,Car,15,-0.4125
E1A015,Car,16,-0.4875
E1A015,Car,17,-0.4875
E1A015,Car,18,-0.1875
E1A015,Car,19,-0.525
E1A015,Car,20,-0.475
E1A015,Car,21,-0.525
E1A015,Car,22,-0.7875
E1A015,Car,23,-0.9875
E1A015,Car,24,-0.4625
E1A015,Car,25,-0.1625
E1A015,Car,26,-0.35
