output_file,input_files,reproduction_level,note
outputs/figures/main/main_figure_01.pdf,source/figure_01/main_figure_01_editable.pptx,editable design source + canonical PDF,Conceptual main-manuscript figure; no statistical analysis or data input
outputs/figures/main/main_figure_02.pdf,data/main/figure02/observed_trajectory.csv; data/main/figure02/participant_profiles.csv,plot-data rendering,Active main-manuscript design and artboard
outputs/figures/main/main_figure_03.pdf,data/n-f-2-to-5-participants.csv; data/main/figure03/category_daily_bh24.csv; data/main/figure03/category_questionnaire_bh12.csv; data/main/figure03/face_scatter_display.csv,recomputed correlation family + frozen display geometry,Active main-manuscript design and artboard
outputs/figures/main/main_figure_04.pdf,data/n-f-2-to-5-participants.csv; data/main/figure04/daily_item_trait_bh24.csv; data/main/figure04/questionnaire_pairplot_display.csv; data/main/figure04/questionnaire_pairwise_bh6.csv,recomputed correlation family + frozen display geometry,Active main-manuscript design and artboard
outputs/figures/main/main_figure_05.pdf,data/main/figure05/moderator_screen_bh12.csv; data/main/figure05/trajectory_observed_and_fitted.csv,frozen model/result rendering,Active main-manuscript design and artboard
outputs/figures/supplement/supplementary_figure_01.pdf,data/supplement/figure_01_demographics/age_points.csv; data/supplement/figure_01_demographics/gender_counts.csv; data/supplement/figure_01_demographics/race_counts.csv,aggregate/plot-data rendering,Active Supplementary Information design and artboard
outputs/figures/supplement/supplementary_figure_02.pdf,data/n-f-1-participant-trajectories.csv; data/supplement/figure_02_experiment1_trajectory/plot_data.csv,recomputed participant-balanced trajectory + frozen-summary cross-check,Active Supplementary Information design and artboard
outputs/figures/supplement/supplementary_figure_03.pdf,data/supplement/figure_03_experiment4_trajectory/plot_data.csv,aggregate/plot-data rendering,Active Supplementary Information design and artboard
outputs/figures/supplement/supplementary_figure_04.pdf,data/supplement/figure_04_fni_patterns/marginal_counts.csv; data/supplement/figure_04_fni_patterns/pattern_counts.csv,aggregate/plot-data rendering,Active Supplementary Information design and artboard
outputs/figures/supplement/supplementary_figure_05.pdf,data/supplement/figure_05_selected_profiles/selected_profiles_long.csv,aggregate/plot-data rendering,Active Supplementary Information design and artboard
outputs/figures/supplement/supplementary_figure_06.pdf,data/supplement/figure_06_equivalence/plot_data.csv,frozen analysis-result rendering,Active Supplementary Information design and artboard
outputs/figures/supplement/supplementary_figure_07.pdf,data/supplement/figure_07_joint_model/model_fit.csv; data/supplement/figure_07_joint_model/model_paths.csv,frozen analysis-result rendering,Active Supplementary Information design and artboard
outputs/figures/supplement/supplementary_figure_08.pdf,data/supplement/figure_08_negative_capability/plot_data.csv; data/supplement/figure_08_negative_capability/statistics.csv,frozen analysis-result rendering,Active Supplementary Information design and artboard
outputs/figures/supplement/supplementary_figure_09.pdf,data/supplement/figure_09_aq_benefits/plot_data.csv; data/supplement/figure_09_aq_benefits/statistics.csv,frozen analysis-result rendering,Active Supplementary Information design and artboard
outputs/figures/supplement/supplementary_figure_10.pdf,data/supplement/figure_10_hlm_moderators/guide.csv; data/supplement/figure_10_hlm_moderators/observed.csv; data/supplement/figure_10_hlm_moderators/prediction.csv; data/supplement/figure_10_hlm_moderators/scatter.csv; data/supplement/figure_10_hlm_moderators/term.csv,frozen analysis-result rendering,Active Supplementary Information design and artboard
outputs/figures/supplement/supplementary_figure_11.pdf,data/supplement/figure_11_reliability/panel_a.csv; data/supplement/figure_11_reliability/panel_b.csv; data/supplement/figure_11_reliability/panel_c.csv; data/supplement/figure_11_reliability/panel_d.csv,frozen analysis-result rendering,Active Supplementary Information design and artboard
outputs/tables/supplementary_table_01.tex,data/tables/table01_analysis_populations.csv,frozen aggregate/result + TeX rendering,Active supplementary table component
outputs/tables/supplementary_table_02.tex,data/tables/table02_visual_task_implementations.csv,frozen aggregate/result + TeX rendering,Active supplementary table component
outputs/tables/supplementary_table_03.tex,data/tables/table03_age_gender.csv; data/tables/table03_race.csv,frozen aggregate/result + TeX rendering,Active supplementary table component
outputs/tables/supplementary_table_04.tex,data/n-f-2-to-5-participants.csv,recomputed analysis + TeX rendering,Active supplementary table component
outputs/tables/supplementary_table_05.tex,data/n-f-2-to-5-participants.csv; data/tables/table05_active_display.csv,recomputed analysis + TeX rendering,Active supplementary table component
outputs/tables/supplementary_table_06.tex,data/n-f-2-to-5-participants.csv,recomputed analysis + TeX rendering,Active supplementary table component
outputs/tables/supplementary_table_07.tex,data/n-f-2-to-5-participants.csv,recomputed analysis + TeX rendering,Active supplementary table component
outputs/tables/supplementary_table_08.tex,data/n-f-2-to-5-participants.csv; data/tables/table08_joint_model_intervals.csv,recomputed analysis + TeX rendering,Active supplementary table component
outputs/tables/supplementary_table_09.tex,data/tables/table09_primary_trajectories.csv,frozen aggregate/result + TeX rendering,Active supplementary table component
outputs/tables/supplementary_table_10.tex,data/tables/table10_trajectory_sensitivities.csv,frozen aggregate/result + TeX rendering,Active supplementary table component
outputs/tables/supplementary_table_11.tex,data/tables/table11_trait_moderation.csv,frozen aggregate/result + TeX rendering,Active supplementary table component
outputs/tables/supplementary_table_12.tex,data/tables/table12_joint_trait_moderation.csv,frozen aggregate/result + TeX rendering,Active supplementary table component
outputs/tables/supplementary_table_13.tex,data/tables/table13_daily_item_moderation.csv,frozen aggregate/result + TeX rendering,Active supplementary table component
outputs/tables/supplementary_table_14.tex,data/tables/table14_cross_subcategory_stability.csv,frozen aggregate/result + TeX rendering,Active supplementary table component
outputs/tables/supplementary_table_15.tex,data/tables/table15_stimulus_taxonomy.csv,frozen aggregate/result + TeX rendering,Active supplementary table component
outputs/tables/supplementary_table_16.tex,data/tables/table16_questionnaire_features.csv,frozen aggregate/result + TeX rendering,Active supplementary table component
outputs/tables/supplementary_inline_01.tex,data/tables/inline01_cross_reference.csv,frozen metadata + TeX rendering,Unnumbered supplementary cross-reference display
outputs/tables/supplementary_inline_02.tex,data/tables/inline02_face_fni_adjusted_joint.csv,frozen result + TeX rendering,Unnumbered Face-FNI robustness display
