4_1_n_affect_daily,4_2_f_affect_daily,4_nf_daily,aq_score,experiment,plot_4_1_n_affect_daily_x,plot_4_1_n_affect_daily_aq,plot_4_2_f_affect_daily_x,plot_4_2_f_affect_daily_aq
2.0,1.0,0.75,19,2,1.9546361455220986,19.282187467716234,1.0932447218057872,18.947502215098563
0.0,1.0,0.5,19,2,0.09589617137096006,19.279589376298578,0.9588948913737566,19.129334828356935
0.5,3.0,1.125,34,2,0.43006065199749133,33.964571589519586,2.897330741564308,34.03429069577783
2.5,0.5,-1.0,8,2,2.5313961430793444,8.23826286502378,0.4140600977162521,8.072923123279102
3.0,3.0,-0.25,18,2,3.1027199550824713,17.73919808980532,3.0618482643739235,17.891708307861922
3.0,2.0,-0.5,26,2,2.923107304344646,26.12646997813533,1.9868957382467844,26.131360201117044
1.5,0.5,-0.5,22,2,1.4012486484484672,22.19727697975415,0.5064431894331353,21.797130760804123
1.0,-1.0,0.0,17,2,0.9777020304884204,17.142778350270003,-1.05202608312382,16.713867348780234
-0.5,3.0,2.375,25,2,-0.42163767194806867,24.697255405099412,3.0340393525252507,25.014439257769382
2.5,0.5,0.0,23,2,2.5362897253691608,22.78598884865975,0.4903916042366901,22.70558492551258
1.0,1.5,0.125,13,2,1.0302441301224947,13.020755541103236,1.5202109766897198,12.772800496732208
-0.5,0.5,0.5,20,2,-0.47485640586358596,19.834781934162603,0.46656335456203,20.098346740570786
2.0,0.5,1.75,28,2,1.9997238956896508,27.786800487964594,0.5782400773523366,27.87773611828391
1.5,0.0,0.0,17,2,1.4332343658032105,17.113945912203818,-0.04066945477866765,16.84096525495275
-0.5,0.0,-0.125,18,2,-0.6009114701179343,18.054227098152815,0.08777509697250828,17.81412162857755
0.5,1.5,0.0,14,2,0.5225333767198578,13.764963412609193,1.5008370830878481,13.983632746595076
1.0,1.0,0.25,30,2,0.9000720320955333,29.696036408297033,0.8967327788176058,29.779616802474404
1.5,1.0,0.875,23,2,1.499157890382118,22.855967309053156,0.9571112735601882,22.947382655534028
0.5,-1.0,1.125,17,2,0.5704292088912839,16.916891303035687,-0.9104300391825189,17.097490869156815
0.0,0.0,0.75,12,2,0.10083365599248217,12.270562903919709,0.026529399747004072,11.982654430984018
0.5,2.0,2.75,29,2,0.47935586900848975,28.83422882106217,1.9564429765772346,29.143214136269172
-0.5,0.5,1.5,20,2,-0.5596170346891517,19.792399963225506,0.48240317186639237,20.28755860045235
1.0,0.0,0.625,13,2,0.9193067427030619,12.842811006014966,-0.06810340792747968,13.147375484565485
1.0,0.0,-0.875,12,2,1.0514901535247663,11.761529808941061,-0.06519720873257741,12.198353224256032
0.5,0.5,0.875,22,3,0.4826646934559701,21.9987131346929,0.4233568078784553,22.07852205313002
1.5,0.0,-1.625,17,3,1.5413211068906476,16.902116843066032,-0.03540790741318414,16.983046972002075
2.0,2.0,0.625,16,3,1.9375251286828408,15.850708655215701,1.9246271043740435,16.124267394893614
0.0,0.0,-0.75,32,3,0.07118581940319395,32.12533380529631,0.07121107425746859,31.843976071938553
1.5,1.0,0.0,25,3,1.452178962311412,25.163325078626414,1.0539333333545857,25.310396009725313
3.0,2.5,0.875,13,3,3.0009742484053072,12.991737067560255,2.5755593316392074,12.746158218054605
2.5,-2.0,-0.625,16,3,2.502125546637347,15.771226244968052,-2.0311829484919044,16.257145222264818
0.5,0.0,0.375,27,3,0.5138973565594498,27.093223671225715,-0.03533406521182194,26.80858259297184
1.5,0.5,0.125,16,3,1.4831951533975403,16.27006200919535,0.590024595465008,16.026703305754868
1.0,2.5,1.5,28,3,0.9233291762052243,27.949088204238016,2.4016513361463305,28.077127275795988
2.0,1.0,0.125,20,3,1.9595523620026318,20.119869468433784,0.9979804504804015,19.716191134447616
2.0,2.0,0.75,24,3,1.9361204198411623,23.71422332946026,2.1012355068534228,23.971533930504048
2.0,0.0,-0.875,16,3,2.0842814131384055,15.77764131285169,-0.06658590333546226,16.18294203552149
2.5,2.5,0.625,23,3,2.436718035583213,23.097071016811306,2.4503142781194263,23.173217871348005
1.5,-1.5,0.5,33,3,1.4611632552038962,33.2267176925967,-1.5640178225905832,33.17801108280402
1.5,1.5,1.5,39,3,1.461066978467164,38.80673108254591,1.5983391759214736,38.94603097591379
0.0,1.5,-0.875,25,3,-0.06735251772889861,24.780430232925273,1.5601553702112263,25.24924729145602
0.5,0.0,2.0,33,3,0.446843269885275,33.04380322569548,0.08041421907751063,33.096219963108545
3.0,0.0,1.875,24,3,2.979410030289731,23.89437134959975,0.007780871028710001,23.850637606918923
1.5,1.0,0.0,33,3,1.5593252031047224,32.72093083632623,1.0221189881607544,32.80104658787283
2.5,-0.5,1.5,26,3,2.563712561603281,25.95950631945426,-0.5666319083202083,25.825239862658716
2.0,0.5,0.5,28,3,2.0230260516000578,27.799135170811137,0.5047435383698147,27.910209738935354
0.0,1.0,0.375,29,4,-0.015175096873959916,29.304963666925357,0.9335269228094698,28.93820057862181
1.5,2.5,0.625,18,4,1.4302672854540077,17.686477853734615,2.420268982144424,18.023575493220424
0.5,1.5,1.25,40,4,0.4855245469652368,40.177173390892975,1.513524965707441,39.97633158115614
2.0,2.0,-0.5,19,4,2.0654105208427755,18.88439945839788,1.9907318709359128,18.97541673090279
0.5,2.0,0.375,26,4,0.5002016851599554,26.14070108571832,1.8955125878751469,26.00826290206212
2.0,1.5,0.5,25,4,2.0565097703902446,25.100355916833212,1.4985192032735728,25.030102741561578
2.0,2.0,3.0,17,4,2.02822084583797,16.96750262651374,1.9382182515379784,17.148163591985433
1.0,1.0,-0.25,28,4,0.9577794587743379,28.00835217822721,1.0931833312247166,27.941622691279626
0.0,0.5,-0.25,26,4,0.08796908404115596,26.276113212355686,0.4675621668844673,25.71908260771567
2.0,2.0,1.125,11,4,2.0286006393739178,10.750842980949887,2.0422783178174932,11.268488839008665
1.5,2.0,0.25,23,4,1.4134113120091363,23.083212877960385,1.9982489962782848,23.08414662849351
-0.5,0.5,1.5,25,4,-0.5368041847981379,24.74905354064359,0.40418335350779905,24.690737904119967
1.5,2.0,1.875,32,4,1.528002823299109,32.109620922928634,2.0916572933935424,32.161106905562946
1.5,1.5,-0.25,13,4,1.423725877951302,12.762909145053417,1.566410552795283,12.979792958121044
0.0,2.0,-0.125,23,4,0.09587370082646388,22.7341267104404,1.9192379663875703,23.144439699263586
1.0,-1.0,0.5,13,4,0.9365654936523076,13.105021153953391,-0.9800774250768848,13.113809320852678
1.5,0.0,0.625,21,4,1.5489954969817021,20.762544048859645,-7.079616391682475e-05,21.216125479879466
2.5,2.5,-1.75,18,4,2.5583541335650812,18.00141797102776,2.474108341890381,17.699582199386032
2.5,1.5,-0.875,25,4,2.4622140130084675,24.80109558744573,1.418318588181232,24.994901737409677
2.0,2.0,-0.875,21,4,1.9123964685187524,20.794564249565312,1.9978286760491408,21.109241295091714
2.0,2.0,-2.125,17,4,2.0632426912661144,16.87456488225175,2.0384845292373033,17.2293104724409
0.5,1.0,2.125,19,4,0.5936284417835146,18.747912362899125,0.9034375983584505,18.728325139090153
1.5,1.0,-2.0,20,4,1.5115853243376776,20.01998311003702,0.9079372880555094,20.269541186255427
-1.0,0.5,-0.125,33,4,-1.0606061164212346,33.082088925157336,0.565659615507363,32.854737400267275
1.5,1.0,0.25,11,4,1.4289380782200423,11.263789078785413,0.9346121746501965,10.75122905591345
1.0,0.0,-0.375,21,4,1.0215126500963736,20.73419346505012,-0.006129237238974629,20.711443794334517
1.5,2.0,2.25,18,4,1.5673600125790903,17.863962644032362,1.9946343789675005,18.24165186426431
0.0,2.0,0.625,19,4,-0.06775118739339155,19.090589517616518,2.0704075395322956,18.89624682482508
1.0,-2.0,1.375,34,4,0.9810267557048149,33.792225359825885,-1.9499734562092652,33.95857472392205
1.0,1.0,-0.5,20,4,0.9341005003501586,20.12458868860645,1.0142838548125381,19.952471272722832
0.5,0.0,0.25,10,4,0.4243131575746029,9.996979554674926,0.015510436456049525,9.910605221840589
2.0,2.0,1.0,37,4,1.9367803903794454,37.2268035788482,1.979635341741099,36.851587882510636
1.5,1.0,-0.5,5,4,1.450868544932922,5.002841113543653,1.0492984945228638,4.8331931014694005
1.5,-0.5,1.5,31,4,1.4252559495265273,30.743683080588433,-0.42913302811583576,30.75583049356215
2.5,1.5,-0.75,7,4,2.4439042791428056,6.948730704604726,1.4046338913366643,7.308934574310909
0.5,1.0,-1.0,11,4,0.42703183079301965,10.937770456819054,0.9415505120714776,10.80001770916865
2.0,0.0,1.375,18,4,1.955669966549195,18.07486400858376,0.016589600090605866,17.71866603921682
0.0,0.0,2.125,13,4,-0.04636376476890734,13.058317961723086,0.03630212171111003,13.0761007031838
3.0,3.0,0.875,20,4,2.947567408404683,19.855217329477046,2.9871991935696736,19.917446700622463
1.0,2.0,2.0,27,4,0.9540000362279294,26.77381336811411,2.0834405970896523,27.148314582643003
1.0,1.5,1.5,18,4,0.9099809745478795,17.693930052483317,1.449045546621766,18.182927263059796
0.0,0.0,0.75,30,4,-0.0727861215963994,30.033177098743327,0.029835339680511823,29.93012689645305
-0.5,2.5,2.625,21,4,-0.5887485260276009,20.898302087366066,2.447756034594081,20.811707702615443
0.5,0.5,0.375,39,4,0.4779538565503936,38.70565243446781,0.5579688156129657,38.69292716036954
2.0,2.0,-0.25,18,4,1.9462457576727388,18.2006622232414,1.946885494051786,18.16667084220415
2.0,1.0,1.0,14,4,1.933087510105561,14.18382731520115,0.9945070350753595,13.97610108054886
1.0,-1.0,-0.375,25,4,1.0936857574398582,24.69620187666254,-0.9440120407563681,24.898983955095872
0.5,0.5,-0.625,38,4,0.4941764736882,37.99170568207093,0.5473809212685377,38.097637687801594
-1.0,0.0,1.0,22,4,-0.8963288264027186,21.912413581669345,0.0628545845996286,21.777988297101917
0.0,1.0,0.125,18,4,-0.03044995655893634,18.094723456119695,1.0771686587126859,17.894871559136444
0.0,0.0,1.5,5,4,-0.10232247924756849,4.7103643898746785,-0.016334268328994234,5.025695694967481
2.0,0.5,1.125,38,4,2.0989076475482777,37.705512638079234,0.49391413087188935,37.83280535608504
1.0,1.0,0.875,10,4,0.9333307214619521,10.204207482080568,0.9465712028930143,9.730622417107375
1.5,0.5,1.0,16,4,1.455861388722017,16.06357978806141,0.4771181182085525,15.952787472125
1.5,2.0,0.5,12,4,1.4020611515002557,11.937138034690243,1.9188920025203302,12.162358780525228
1.0,1.0,0.0,16,4,1.0470337168462256,16.081845167460145,0.9589917362161889,15.877664354678277
0.0,0.0,2.5,26,4,0.04428102489868818,26.028898626703825,0.0128050471624131,26.30256382409893
-0.5,1.0,2.0,21,4,-0.50142112833975,21.265388745316702,1.0914403800099253,21.316862367257176
2.0,2.0,-0.625,12,4,1.896336928223758,12.12752697188016,1.9558150122888736,12.007951925915332
-2.5,-1.5,0.125,14,4,-2.5361987934587065,13.850586279109445,-1.4684531063738628,13.866844209803885
0.5,1.5,0.0,16,4,0.4550237607927055,16.08035591801192,1.5524808847245968,15.693331046124129
1.0,-1.0,0.375,23,4,1.0404492213571288,23.185959158791658,-0.9840633506664938,23.023236441040716
0.0,0.5,0.875,17,4,-0.019961748724828202,16.802447394393173,0.5966613133166648,16.86161171720854
1.0,1.5,0.125,17,4,0.9160198381601209,17.24380532454444,1.4615492871278095,16.832326641881817
0.0,0.0,0.75,18,4,-0.06782546291868968,17.732866263538373,0.006248368672393511,17.723783473453334
-0.5,1.5,2.125,22,4,-0.4856483667743274,21.9913368496778,1.5040828772943957,21.956039010277856
-1.5,-1.5,-0.625,31,4,-1.5728294683148136,30.879317255194444,-1.585079528866787,31.123271053278458
-1.0,1.0,1.875,16,4,-0.9697670428907542,16.25193246738517,0.9374817470439758,16.01919353444247
1.0,0.5,-0.875,25,4,0.9437460372481548,24.73888231160382,0.5623046605329673,25.114306281873183
2.0,2.5,-0.375,16,4,2.025778581075333,15.74892426099146,2.5235140431511063,15.933819792994637
1.5,1.0,0.375,19,4,1.511854983473417,18.83407397557785,1.096409717847135,19.30515144258349
2.0,-1.0,0.25,13,4,1.8970155448079924,12.785716234221187,-1.0250286899745644,12.819434801666748
1.5,0.5,0.125,13,4,1.402183572774369,12.791042783386954,0.5216553564563767,12.993671803365533
1.0,1.0,1.375,20,4,1.017853042785913,20.277835343016328,1.0857697023949644,19.747847493525995
0.0,1.0,0.875,22,4,0.09783196683399173,21.802908462741364,0.9299930780849258,21.798483974336527
2.0,1.0,0.5,15,4,1.9510283830247708,15.243704543954228,0.9717043521034295,15.294404082476476
0.0,0.0,1.625,17,4,0.0788732307636218,17.207585565874922,-0.08057119349364816,16.692362229962047
1.5,-1.0,0.5,29,4,1.3955332935363556,29.191887956159885,-1.071909982143991,29.210762558410444
2.0,2.5,0.625,16,4,1.9655170910385638,16.304242482823657,2.4793957510204527,15.760526510958389
0.5,2.0,1.5,18,4,0.589293328277421,17.72158453421171,2.0181576035677184,18.144592444188195
0.5,0.0,1.125,22,4,0.41886864508234045,21.960276508653767,0.007816248813631656,22.276152635957338
2.0,2.0,0.375,11,4,2.0258027226923168,11.240183702875584,2.0770163662126078,11.08044431869301
1.5,-1.0,1.625,22,4,1.520902562658491,21.76225358564351,-1.002161932777771,22.051066390760198
0.0,0.5,-0.375,12,4,-0.02694165182923595,11.777008289045979,0.5391903568348174,12.072608744416302
1.5,1.0,0.25,32,4,1.3996519979039481,31.88925753000784,1.0431449509149222,31.718316940971732
1.5,0.5,0.875,26,4,1.5060560488853778,26.18029834903696,0.598707335426416,26.172678010930497
0.0,0.0,0.0,25,4,-0.07038709332016524,24.98140649261002,-0.05618247137013419,25.076634057995022
0.0,0.0,0.375,27,4,0.06713766580553994,26.711003706802856,0.09981602623928985,27.288232392219395
2.5,2.5,-0.625,7,4,2.414745012779826,7.24732686201786,2.4708892904579067,6.743525951871008
2.0,2.0,-0.125,15,4,2.0697539273073398,14.75942182081513,1.978724351012311,15.27285508267138
2.5,2.0,-0.75,23,4,2.5070974003483246,23.20813207186446,2.036374406274663,23.08904159602948
1.0,-1.0,-1.125,15,4,0.9215185357283788,14.851492819491249,-0.9294923157082344,15.284471294302833
0.5,0.5,-0.25,10,4,0.5061924788679771,10.311140601836232,0.43250149549549133,10.166200789058948
1.5,-1.0,-1.625,11,4,1.4557715467474455,11.306296725963602,-0.9156529049601424,11.222149286241331
2.0,2.0,-1.5,20,4,2.075235166417628,20.03367153449649,2.059247695304372,20.13926471986213
1.0,1.0,1.0,28,4,1.0709347082534029,28.12211061085108,0.9154035659200584,28.137985307053082
1.0,2.0,2.5,19,4,0.9888820494690552,18.801637410455463,2.0975240353271487,18.70084075609962
3.0,0.0,-1.375,24,4,3.0379593770362314,24.029276267453007,0.09467750933452554,23.700462800335092
1.5,1.5,0.25,22,4,1.4584203254369938,22.130706359417214,1.539096886424802,22.132963512835136
1.0,0.0,-0.875,15,4,1.0749979803747438,14.865075459138485,-0.03828984301779657,14.843082277144935
1.0,1.0,1.0,29,4,1.0402669393577773,29.177203264362518,1.0714155549244524,28.691101836049153
3.0,2.0,-3.0,12,4,3.0373804123038917,12.244683451237991,2.0192939610540352,11.71424315293837
-0.5,0.0,0.625,32,4,-0.5268521773463092,32.11133700310152,0.0051441597505522295,31.74332948063831
2.0,2.0,-0.25,19,4,1.9785665416176808,18.80073603407847,1.988290857330757,18.917361890331232
0.5,2.0,1.125,20,4,0.4777763228457177,19.860788725446746,1.9220160574602905,20.26220755372923
1.5,1.5,0.0,15,4,1.4187438867916553,15.299077166467033,1.5244230390642488,14.904713093064537
0.0,-0.5,0.25,26,4,0.044463374437353646,26.26292560554809,-0.5038025289091922,26.302760790100518
3.0,3.0,3.0,33,4,2.9671826822122993,33.038138854576175,3.029748420406706,33.215029564873134
0.0,0.5,1.875,23,4,-0.013198089983902584,23.23393305549453,0.4891670528479868,22.680229575005765
-2.0,-2.5,0.0,32,4,-1.9804072520664329,31.764545306733346,-2.5380183509520062,32.03432292219623
1.0,2.0,2.25,22,4,1.0131539556813616,21.89499160828165,2.0773152660064316,22.18160186790128
0.0,-1.0,-0.375,28,4,-0.06607006087863061,27.952848173441208,-0.9360610771349673,27.693423965245074
1.5,2.0,1.875,19,4,1.3963950180450067,19.051667562297656,2.046252821028076,18.696411229323072
0.5,2.0,-0.375,18,4,0.40333686146061754,17.68373415213263,1.901154737807123,17.722762775037324
2.0,2.0,0.625,20,4,1.927922838950175,20.193945007913737,2.0819022312392628,19.76808575956442
0.5,0.5,1.125,24,4,0.45645406092514634,24.297766001450395,0.5115392028573867,24.106411160120597
1.0,1.0,1.0,13,4,0.9208913418196518,12.779149778339804,0.9338551937844499,12.955950956409614
2.0,1.0,0.375,22,4,1.9912188765377512,22.16039002666697,0.9501928505787665,21.887410191337583
0.5,1.0,1.125,26,4,0.5468918696216312,25.742753651908274,1.0906305091520436,26.02731518682174
1.0,1.0,-0.125,22,4,0.9498860528997186,22.23686176817951,0.9783803764157057,22.005066495992136
1.0,1.0,0.125,21,4,0.9071226998837943,20.766888282244977,0.9280580819919216,20.924910465183494
1.0,1.0,-0.5,15,4,0.8979650640027301,15.15299828343209,0.9926616128532572,15.087277375038818
1.5,1.5,1.0,26,4,1.5473258132779355,25.848576752267956,1.5301099619420462,26.163635590458085
0.0,0.0,0.25,17,4,0.01679139528572424,17.27137939558498,0.013062357499969311,17.049824675951367
1.5,1.5,1.125,9,4,1.4866514571288283,9.111161125407818,1.6047424407577604,9.05939463913521
1.0,-1.5,0.25,19,4,1.03717033724782,18.82663580974906,-1.4025562846214885,19.229042086804185
-2.0,-0.5,1.75,26,5,-1.9614325193917328,25.823225758173727,-0.4474722546697411,26.291027333619425
0.0,0.0,0.875,11,5,0.027093218391862087,11.245869429160534,0.047735137064210835,10.859430024643746
1.0,-1.0,0.625,33,5,1.0008937532828541,33.10557870365844,-1.0222332100373812,32.725123357926705
1.0,-1.0,-0.75,17,5,0.9461537289899317,16.924298207822073,-0.9573735358448467,17.02827904173945
1.5,1.0,-0.375,23,5,1.595370295545742,23.170765907001176,1.0557638800449882,23.087758106021674
-1.5,0.5,1.375,32,5,-1.4380711736914407,31.95325899172217,0.5059448374669915,32.1609252162824
1.0,0.5,2.375,21,5,1.000438655949522,21.235194977008796,0.5789409065355071,21.226381384907423
0.5,2.0,-1.125,43,5,0.5903694905368261,43.049520463847735,2.0734058163323756,42.789388900243665
-1.0,-3.0,0.625,34,5,-0.9067128464648533,33.915461066638514,-3.0008129943832005,33.93059730684044
2.0,2.0,0.5,13,5,1.9438856482155307,12.877816737037167,2.023596989685445,13.162505217508741
0.0,0.0,1.625,34,5,0.09594003189155872,33.95744482124549,-0.08697031291078067,33.74845275664618
0.0,0.5,0.5,19,5,0.01918288499635949,18.74710883126762,0.46248481824432264,18.743167303734868
1.5,2.0,1.625,24,5,1.4140849036152274,24.01332463882051,1.993960204567499,23.810963347617786
1.0,1.5,1.375,12,5,1.0908474447384657,11.839248549773385,1.4752905462207,12.19967003462519
2.5,1.0,0.125,15,5,2.4673448923528523,15.19731065579157,0.9913242605099807,14.830402434365892
2.0,2.0,0.875,17,5,1.9415328172055857,16.92337483060235,1.917308075070813,16.84584747022766
2.0,2.0,0.0,12,5,2.037742049682644,11.743484603775805,1.971873455369211,12.211044954513936
2.5,2.0,-0.5,9,5,2.4693012392647438,8.712129108675567,1.9235462965821462,8.968900560298383
1.0,1.5,1.5,22,5,1.0023931523284149,22.204416820133844,1.4237958315271027,21.901398351436026
0.0,0.0,-0.375,30,5,-0.008534730475692486,30.136288387703555,-0.0021768502656024625,29.825588446289366
2.0,1.5,-0.75,29,5,2.103434567699343,28.858519056417812,1.4053143186749664,28.759934410963726
1.0,-1.0,-0.5,26,5,1.0682100873526936,25.86264021967761,-0.9356530553754753,26.237786034745866
1.5,1.5,0.25,23,5,1.5557337353645389,23.002103268302847,1.4968132615315417,23.12539981903374
0.5,0.5,-1.125,25,5,0.42271613666838115,24.74299079270244,0.41795823695318013,24.786283171134485
0.5,1.5,0.75,13,5,0.4737867937329455,13.015845680108407,1.588195338018798,12.995797929809079
1.5,1.5,-1.375,14,5,1.5287750457514535,13.82247723634895,1.5486936116424759,13.919335443056884
-3.0,0.5,1.875,28,5,-3.0481423971332,28.27362958965281,0.5332943074870911,27.702442120897757
0.5,0.5,1.875,24,5,0.5464658733263209,23.93831722265615,0.40709213909556996,23.918824332749264
0.5,2.0,-1.375,11,5,0.44103027325061134,10.951549258996803,1.9491286309526763,11.037642512609846
2.0,2.5,-0.625,18,5,2.041193740986047,18.200780579448004,2.469594553981555,18.184127782461733
3.0,3.0,-0.375,13,5,3.0626298595882955,12.963197110341126,2.8958729446012246,13.092961759127641
0.0,-2.0,1.0,32,5,0.07727057027600331,31.84212042327466,-1.9685932783177935,31.724924113989385
2.0,2.0,0.625,10,5,2.04205300288577,10.150385954441138,2.0520116806142163,9.999626527392488
0.5,-0.5,0.5,22,5,0.555702154990993,21.72745007927191,-0.6045984619547216,21.96161220651395
3.0,2.5,0.375,13,5,2.9276487204323187,13.027553241010372,2.4262539365633824,12.702909203022132
-2.0,1.0,-0.5,23,5,-2.0235506892851016,22.888100068985587,0.9263840323400268,23.31059316888332
1.5,1.5,0.25,12,5,1.585549755963886,12.296420528807925,1.4066256163611683,11.865460274570044
3.0,1.5,0.0,25,5,2.958168103637968,24.824960327332807,1.5210405281352808,25.230192942497652
0.0,0.0,0.625,30,5,0.02515995485215322,30.18275882089057,0.07948376187567241,30.250378220083853
1.0,1.0,0.5,28,5,1.03236480962939,27.694237395370923,1.0128985052969923,28.281207164325952
0.0,0.5,1.75,14,5,-0.08267714479358385,13.999664296403205,0.5328225101938814,14.166385047995664
1.0,1.0,1.25,25,5,0.9824055036628953,25.25473303315186,0.9745914520621192,25.093291104336185
1.0,2.0,0.875,21,5,0.9610199038970804,21.122654931904183,1.9023521674341526,20.891862389823356
0.0,0.0,1.25,13,5,0.09410721207197797,12.863317833172676,0.03547404315341394,13.095178068951068
2.5,1.0,-0.125,13,5,2.5393083973181465,13.25914582695978,0.9278380909785843,12.776122249083492
1.5,0.5,-0.125,16,5,1.550594188769318,15.711971531209963,0.41697533464340814,16.2377768560284
1.0,0.5,1.0,22,5,1.0907947605088593,22.020294772417376,0.4665655665768845,22.2331530866573
2.0,2.5,1.875,17,5,2.0455634605893462,17.053057862023444,2.405081788019714,16.83393145434882
0.5,0.5,0.625,17,5,0.5320641083292015,16.97797405341418,0.4999899877249699,17.201972115984482
1.0,1.0,2.0,13,5,0.9476843249568804,13.145245992165624,1.0907927701010096,12.790563428881136
0.5,0.5,-0.375,19,5,0.515254907046103,18.847973202910325,0.5160916092558862,19.074891156227395
1.5,-1.0,-1.625,23,5,1.5904719211031788,22.8076419250455,-0.9907165073611665,23.038844816884186
1.5,1.0,2.0,33,5,1.4633862263074582,33.022138248693544,1.0601328731301576,32.75714986718144
-2.0,-1.5,0.625,26,5,-2.0274822160633192,25.83157665443743,-1.4135034973367882,25.9024364975174
1.5,2.0,-0.25,19,5,1.597609853159711,18.78729030189965,1.9394128436291365,18.718114012921884
-1.5,-2.5,0.75,24,5,-1.5629376473440784,23.922926867499523,-2.533184743760364,23.88471448994568
2.0,1.0,1.625,16,5,1.919574722684012,16.216047210259156,0.9633683339549667,16.17371716532992
1.5,0.0,-0.25,16,5,1.457294259810088,16.223431436444745,-0.08650518472010066,16.319014591536302
0.0,2.0,2.5,15,5,-0.0646041813987039,15.040536678721622,2.0606299709676272,14.852039011351415
1.5,1.5,0.25,9,5,1.6016061532914307,8.809364587366293,1.5860462846567545,9.158267795378649
-0.5,-0.5,-0.875,24,5,-0.5645946586603652,24.183742573594103,-0.5891406277382318,24.11632914402955
2.0,2.0,0.375,26,5,1.9626289085368502,26.03819057712462,2.011996250195243,25.716332215302
0.5,0.5,1.875,22,5,0.5118386358645075,21.841249057274243,0.4722722143393532,21.772139071229272
2.0,-0.5,0.125,23,5,1.9467925307349363,23.036523510040304,-0.4272931695936144,22.914217681923507
2.0,-1.5,-1.0,12,5,1.9395938475921475,12.256975841261658,-1.5266721201258304,12.062360407609544
2.0,2.0,1.0,10,5,2.019498534524904,9.696201525904053,1.9064109662853568,10.152656232571024
1.5,1.0,0.125,13,5,1.57306686119869,13.207680118852732,0.9245510062581009,13.30520262817097
1.5,2.5,0.875,11,5,1.3967380439365575,10.72434662052487,2.592576813641238,10.946510415416894
-1.0,1.0,1.5,32,5,-1.0731993480608863,31.774221641550515,0.9013218709413051,32.06799700968537
2.5,2.0,0.75,28,5,2.488129351823478,28.10996772769962,1.9185167679187656,28.251634125363886
-2.0,1.5,1.375,22,5,-2.0516723042934375,21.898674356883202,1.5782576213606265,22.119021993507758
0.0,0.0,1.0,14,5,0.08906460028021894,14.168697325660597,0.029608435130714133,14.061790701555836
1.5,2.0,1.875,15,5,1.6023261161354176,15.065369036926358,2.0421438622172885,14.97954359810145
1.5,1.0,-1.125,22,5,1.4176828578245195,22.282070344749688,0.9112420328295765,21.959821744257304
3.0,3.0,-0.875,15,5,3.009532713833301,15.116353304861184,2.9602981253246763,14.75667991217284
0.0,0.0,-2.25,14,5,-0.07322818406688544,13.79185337209464,-0.036142295824418386,14.236984816063943
1.5,2.5,-1.875,13,5,1.572232051237383,13.203224753205062,2.4683577181777356,12.807324955474582
2.0,2.0,0.875,22,5,2.0487044308715783,22.037765944877954,2.1040974680980704,21.817617554121746
2.0,2.0,1.25,22,5,2.0266471631917184,22.100621196512748,2.023294256000056,21.899718919315852
2.0,2.0,0.5,19,5,2.0925451754885462,18.698263042996018,2.0802489010733263,18.877408023190025
3.0,3.0,0.0,17,5,3.006815257894984,17.067130867812104,2.952671367287185,17.211563557344054
1.5,1.0,0.625,17,5,1.425061369294466,17.15981653115386,0.9786233695363782,16.948843004774016
2.5,1.0,0.5,18,5,2.5432966999231224,18.02533758943128,1.003665582211504,18.02114694066361
1.0,1.0,1.75,26,5,0.9766769489177723,25.859939769515073,0.9986153681455391,26.254059310674226
0.5,2.0,-0.375,12,5,0.41732640485006456,11.968028622211161,2.0392387574533974,11.710597156866198
2.5,2.0,3.0,24,5,2.410012325893625,24.22591682557066,1.9040429786811308,23.83783408300172
2.0,1.5,1.25,22,5,1.940131022863691,21.83967481340442,1.5271918959720447,21.947022726547996
0.0,0.0,0.125,21,5,0.06762503922556536,21.207269705366773,-0.0046129659473418865,21.319359409769294
1.0,1.0,0.5,26,5,0.9901965850547471,25.95598604642738,1.0727681335883543,26.201806276148886
0.0,0.0,0.0,24,5,-0.09840577691587393,24.153352317082014,-0.024253386896382945,24.31673227658046
1.5,1.0,-1.0,22,5,1.5852205231310557,21.76397239144906,1.0623069984888163,21.980083427667225
1.0,1.0,0.125,31,5,0.9521876835781997,31.115389635744457,0.9457186827634976,30.84866416187865
0.0,0.0,1.25,22,5,-0.07176478030321438,22.03622697212401,-0.028720701786819975,21.778272541863707
1.0,-1.0,2.125,22,5,0.9975222989671201,21.843269554626218,-0.9035466656242166,21.7949211111511
1.5,2.0,-0.125,13,5,1.5098424540632804,12.958279460236804,1.9063762903820647,13.176714514698173
2.0,1.0,-0.75,18,5,1.8995370342626532,17.949344831627844,1.0239936266770402,18.19629976029025
1.5,0.0,0.75,31,5,1.525456034784877,31.10233413854784,0.07418936787015268,31.06887880737149
1.0,0.0,1.625,31,5,0.9104614753796948,31.089160269011106,-0.09686788438492751,30.69777696951001
0.0,0.0,0.5,30,5,-0.0802940957831437,29.75028923805173,0.034995568742002645,30.254519425897435
0.5,0.5,0.875,21,5,0.4364425450394868,21.10565057249343,0.47904866881903607,20.990086266450724
1.0,1.0,0.625,26,5,0.9663969193576197,25.8039275421072,0.9872716521385827,26.29669223814272
0.5,1.0,0.75,21,5,0.4629441365320255,21.11251100252511,0.9299117042770715,21.220859412697443
2.0,1.5,1.5,21,5,1.9878970779689613,21.173902883672184,1.478145223558686,21.23747627409432
1.5,1.5,0.125,23,5,1.4095021428193952,22.79654043808628,1.5765274840548815,23.10670550986287
-2.5,-2.5,2.125,34,5,-2.399305628408489,34.28398088042952,-2.5112142869681127,34.13535521936962
2.5,3.0,1.125,40,5,2.4440777506373976,40.02597789774594,2.9375210412661783,40.31920666407094
0.0,3.0,1.25,25,5,0.04905469717227403,25.267510464293352,3.1012856799955983,24.995158368208298
1.0,1.0,0.5,12,5,1.0715093819804007,12.077384424776483,1.0005866403501553,12.135247696833618
1.0,1.5,0.375,26,5,0.9318500031300835,25.724984750548355,1.4889084814622688,25.68366759278017
0.0,1.0,1.625,23,5,-0.02207311074621634,22.85881879621241,0.9773124122647167,22.84188443845192
1.0,3.0,1.25,22,5,1.0571693554513548,22.028304225129396,2.962679887744259,21.934898542541983
1.5,0.0,-0.75,20,5,1.604285891019518,20.256213931317863,-0.08823951714665512,20.293478942857234
0.5,0.5,0.375,23,5,0.5689478012350563,23.119823708881665,0.5282165634817825,23.001335637923244
0.5,0.0,0.75,22,5,0.5550510688452648,21.828662052195753,0.044560245201329104,21.89734721571461
1.0,0.0,-0.375,21,5,0.958153541501137,20.830122571326825,-0.10123401961145034,20.923407014678737
3.0,2.0,0.5,12,5,3.067007556681738,12.224008822011765,1.9196143353761506,11.969382671473655
0.5,0.5,2.25,30,5,0.4739918272269763,30.04870561880214,0.5528779625782267,29.81061681177911
1.0,0.0,1.5,30,5,0.9708259006495946,30.168161626219703,0.0862230338268057,29.92410558321041
0.5,1.0,1.25,14,5,0.5753890068106101,14.318505909005621,0.9663671315955008,13.690238496607272
3.0,3.0,-0.125,14,5,2.9716877302654248,14.05976175073442,2.979837712697486,13.814283422617796
0.0,0.0,0.375,22,5,-0.0995328053058568,21.713588651946342,-0.04510009900121749,22.14351792363153
1.0,0.0,1.125,21,5,1.060710930150804,21.247424038251438,0.03298003099074183,21.08983688624345
0.0,0.5,0.375,20,5,0.019042607552841487,19.929080563103078,0.5729169322486901,20.0455988987857
2.5,2.0,-0.375,13,5,2.4205951780951125,13.09793396710351,1.92506970394672,13.173898817813201
0.5,0.5,1.5,24,5,0.49056758116948657,23.74328059528307,0.5438619417011087,23.83628060217393
2.5,0.0,-1.25,21,5,2.5337018853226283,21.169032587717936,0.028613462367562677,20.756232234637217
1.5,1.0,-0.75,25,5,1.5242357977660994,24.953516588975127,1.086559838284407,25.195853654062805
1.5,1.5,0.125,18,5,1.4827460803943049,17.963796181860634,1.5933255026408688,17.936015005271514
-1.0,2.0,0.875,27,5,-0.9637141385614275,26.69310030014535,1.9128206555428435,27.19771081921909
0.0,0.0,1.125,30,5,0.006370180068382126,30.037086672721987,0.04207964298457754,29.748173771453356
2.0,2.0,0.625,17,5,1.8986194581891336,17.148441256537627,2.081637800777828,17.187822516920967
