panel,trait,display_index,plot_negative_capability,plot_trait_value
a,AQ,1,0.7826246407049746,21.731565131640334
a,AQ,2,2.336525078691821,27.992879992489613
a,AQ,3,1.4422689149367658,20.083490334856897
a,AQ,4,1.6918174261335608,24.01654433003964
a,AQ,5,2.578803776904465,15.991357205113134
a,AQ,6,2.1172240325473597,22.909413454624776
a,AQ,7,-0.1248292292940767,32.78903797341023
a,AQ,8,1.0918616242282635,38.73866478790754
a,AQ,9,2.421603167689952,24.815983691581174
a,AQ,10,0.4552910753229402,33.18679378375407
a,AQ,11,2.9743723496114107,24.086161876571794
a,AQ,12,2.5506154265588794,16.868061135167963
a,AQ,13,0.7657045139801428,33.09972677941096
a,AQ,14,0.7941655858207031,26.203720133859342
a,AQ,15,0.6612342340184827,27.92056423270814
a,AQ,16,1.3684876329268736,15.74604391108923
a,AQ,17,-0.7047669520236708,32.09436711692305
a,AQ,18,1.7959156148652182,25.20126920408902
a,AQ,19,0.7800915894165823,13.191075271303163
a,AQ,20,2.3767605797936895,15.785298601323836
a,AQ,21,2.1397557410292887,26.88417527103764
a,AQ,22,2.0793317236050024,15.730928887287375
a,AQ,23,1.4729860262087966,28.97623981360595
a,AQ,24,1.433093805110194,20.94381167868456
a,AQ,25,2.6225932550382423,18.0897376143532
a,AQ,26,1.972908040985316,19.049667230337416
a,AQ,27,-0.6532465680685751,33.72857292889793
a,AQ,28,2.0180368291050224,19.881940454454096
a,AQ,29,1.1997053411278165,10.027396256946172
a,AQ,30,2.9065870327868817,18.069173532232078
a,AQ,31,1.7438993653021164,36.84191895768773
a,AQ,32,2.448924790000314,4.816343052667534
a,AQ,33,0.19020579820952177,31.25159358150476
a,AQ,34,2.976995427143203,7.254927733608996
a,AQ,35,1.9924636820266137,11.07416483956989
a,AQ,36,2.572022654075618,18.103457814630104
a,AQ,37,2.766630356887048,13.120312777779915
a,AQ,38,2.955401549201256,20.092849208451113
a,AQ,39,0.8983996021988614,27.088969349251833
a,AQ,40,1.3583515514934454,17.725895680543204
a,AQ,41,0.6731835874961236,30.118374803307624
a,AQ,42,2.7812049082033115,20.975291251275458
a,AQ,43,0.48792685656351686,38.8253647670833
a,AQ,44,3.000417665440306,17.796723675384545
a,AQ,45,1.4796408343668954,14.254563533825191
a,AQ,46,1.653833880798942,24.836347599711747
a,AQ,47,-0.004593512187722748,38.27827607529351
a,AQ,48,1.5866360182719585,39.86704810726954
a,AQ,49,0.9004294961239427,22.004260183094065
a,AQ,50,1.5999152722988104,18.907924498871566
a,AQ,51,1.9212598146024877,17.83289403842435
a,AQ,52,0.570555864659493,4.732253570390896
a,AQ,53,2.653024723607559,38.022796604472106
a,AQ,54,1.5633644017442467,10.199222398467597
a,AQ,55,2.091431951033419,15.773616528951033
a,AQ,56,1.8003337432203663,12.25389414220421
a,AQ,57,1.0008923342170446,16.00920743960402
a,AQ,58,1.3768929752394916,26.036780239877135
a,AQ,59,0.5223175516722423,25.862692213439068
a,AQ,60,1.4862673565364535,21.0288170138639
a,AQ,61,1.763917007507481,12.248990417281506
a,AQ,62,1.4454655473381521,14.111470107269557
a,AQ,63,1.6540729921518889,16.246259161150867
a,AQ,64,0.25180912420874035,22.96406865548963
a,AQ,65,2.0883769203746088,17.16730451586477
a,AQ,66,1.6822528356891642,16.894923479924927
a,AQ,67,1.8883713966658844,25.212781695526054
a,AQ,68,2.815887082757315,16.911349097085022
a,AQ,69,0.6258349364218305,17.78473036857781
a,AQ,70,0.5900991118349497,28.06932212244206
a,AQ,71,1.6270036012169564,21.770264063269334
a,AQ,72,-0.45947959920184456,30.978028917822034
a,AQ,73,2.000971914950094,16.10144528325151
a,AQ,74,1.7828348122463469,24.84738591351683
a,AQ,75,0.3330178163546522,26.012809789367925
a,AQ,76,2.5599463360052903,16.264576977260276
a,AQ,77,2.640311460722015,19.265314605116966
a,AQ,78,2.206894131600973,10.837081518614795
a,AQ,79,1.4496179478779379,13.078105921368602
a,AQ,80,1.6643649739538464,13.20195746486624
a,AQ,81,2.434629620242208,20.062610491854315
a,AQ,82,0.7729889620003911,21.793857435166096
a,AQ,83,1.480740161304265,22.776511736150418
a,AQ,84,0.8050940342047395,24.91908276894197
a,AQ,85,2.7467480253735097,14.739847058964157
a,AQ,86,2.040020918762604,17.09023666231728
a,AQ,87,0.783602332709787,28.98851314381632
a,AQ,88,0.5946591011488298,32.19516036254677
a,AQ,89,2.4218340511514693,16.251857807423207
a,AQ,90,1.1065934428901842,18.120516132797306
a,AQ,91,0.5451076912495001,22.01877485485622
a,AQ,92,2.0121653527813006,11.060403119388617
a,AQ,93,1.739670485286088,12.823767492328479
a,AQ,94,1.8827661704067866,22.09558434836049
a,AQ,95,1.428667389034401,12.1730087817248
a,AQ,96,0.5779715489063992,31.755607894323656
a,AQ,97,1.3468367323887032,25.83424870749338
a,AQ,98,0.4816965282800467,25.043684431695397
a,AQ,99,1.6259605039191394,27.105151916134105
a,AQ,100,3.0042190325857296,6.920928824093965
a,AQ,101,1.9296204963027384,14.840764953363598
a,AQ,102,2.5364555713331134,23.004946137728346
a,AQ,103,0.8899814969002566,15.034878268211784
a,AQ,104,1.5285436009974962,9.933823166499188
a,AQ,105,1.7914791100631264,11.05272013860077
a,AQ,106,2.3522050650147435,19.929800566427126
a,AQ,107,1.2287332367471642,28.146085443966136
a,AQ,108,2.001959696600098,18.991426417319445
a,AQ,109,1.821966594206284,23.93419908456773
a,AQ,110,1.1905875452042913,22.066863941434224
a,AQ,111,0.9978625955517084,15.078831013408735
a,AQ,112,0.9956395723795102,29.019201309196472
a,AQ,113,2.087915680618444,12.05867382874054
a,AQ,114,-3.0140577552591816,32.02885314939219
a,AQ,115,1.9990826356209546,19.0213846340585
a,AQ,116,2.241129461094822,20.00046195763086
a,AQ,117,2.111272771569751,14.861801233523664
a,AQ,118,0.6219752158765828,26.037688137235243
a,AQ,119,1.9856786296354088,33.21853396677228
a,AQ,120,0.7373164474286535,22.981870582016843
a,AQ,121,0.7781348198398579,32.16987029840502
a,AQ,122,1.7900096607093046,22.754395108350586
a,AQ,123,1.6779925786568155,22.225576120507547
a,AQ,124,2.678694554205567,13.17962392690654
a,AQ,125,1.7906903625895865,27.987326165835373
a,AQ,126,1.4150468971174535,20.7227403908055
a,AQ,127,1.7685556826070323,19.04862903912609
a,AQ,128,2.433161505179074,18.27793390820645
a,AQ,129,0.9222252029177951,24.879823588370314
a,AQ,130,1.848261166813331,21.141683814971486
a,AQ,131,1.91075869565993,16.912017583666845
a,AQ,132,1.9035125500983394,19.254985978455093
a,AQ,133,1.8715783431283821,18.251853184933747
a,AQ,134,1.9604607604223672,20.16641775318152
a,AQ,135,1.6455248928156747,20.234448729645184
a,AQ,136,2.4757539329047127,33.19643952005617
a,AQ,137,1.6551714203417562,24.274455016177697
a,AQ,138,1.3310719690572412,12.916999631536054
a,AQ,139,1.4614713115215947,11.225813910861635
a,AQ,140,1.9821357239156079,21.887210994367244
a,AQ,141,2.515399162943061,25.810869637642988
a,AQ,142,1.799996861034801,22.03037602685534
a,AQ,143,1.348432741273787,21.245250180969933
a,AQ,144,1.787852500955247,15.250038450850646
a,AQ,145,-0.23650682482828556,26.22354935759671
a,AQ,146,0.5930845170081223,17.19014422075979
a,AQ,147,1.5945787059037668,9.08046611083509
a,AQ,148,1.090200026543636,18.761085421624628
a,AQ,149,1.6562167142820785,26.24614422394602
a,AQ,150,0.7496332010684226,11.23197156310811
a,AQ,151,1.4124209785345903,33.15678861585148
a,AQ,152,2.488845541890745,16.96373786212
a,AQ,153,1.361928001807363,22.909197572021945
a,AQ,154,-0.4397167094822798,32.2445907713316
a,AQ,155,1.6633635900966306,20.92140057879267
a,AQ,156,0.10166437805490691,43.272463000891406
a,AQ,157,-0.4559358690069151,33.896180497506045
a,AQ,158,0.9695211655282217,13.145671992375851
a,AQ,159,0.1913173695322654,33.910109303127456
a,AQ,160,1.6830728635704144,18.805348606747994
a,AQ,161,1.098216663995248,23.94917842619534
a,AQ,162,1.3399600631318505,12.114713347431138
a,AQ,163,2.866308507669987,15.142275055208934
a,AQ,164,1.480751274868756,17.188960785707543
a,AQ,165,1.3635762041743593,12.211306715572693
a,AQ,166,1.9191500188558779,9.076627570049524
a,AQ,167,1.0992471457107689,22.18610111502648
a,AQ,168,1.0082719176832189,30.246538618506666
a,AQ,169,1.5810002130458445,28.762379670377634
a,AQ,170,1.323732881134454,26.085114276366973
a,AQ,171,2.3343897113179164,22.905397289889454
a,AQ,172,2.011617232401359,25.258024653251688
a,AQ,173,1.2115360475083303,12.728601768278146
a,AQ,174,0.7593264973391731,14.240550812183546
a,AQ,175,2.075290698040442,27.958273938930766
a,AQ,176,1.205059446286799,24.116236700058835
a,AQ,177,-0.07662347578059725,10.928537970792993
a,AQ,178,1.6777565936199412,18.269230746107347
a,AQ,179,3.012378375468133,12.89563368710532
a,AQ,180,0.2255817897554082,31.807474072259044
a,AQ,181,1.8185206139786354,9.747267271606624
a,AQ,182,0.10198485683130798,21.971453660477597
a,AQ,183,2.9736732504659784,13.114033722115849
a,AQ,184,1.1822370071688697,22.811994650596517
a,AQ,185,1.7788117997474755,12.156304697138136
a,AQ,186,1.5148093842057886,25.110341853282048
a,AQ,187,-0.031901597357457234,29.883060368350222
a,AQ,188,0.6443660647371243,27.952794543061472
a,AQ,189,0.043906811462219864,13.889729936920398
a,AQ,190,1.5884634121270302,25.090366141635258
a,AQ,191,1.4194321999801556,21.16679941092803
a,AQ,192,2.0425270899496084,12.94961911764375
a,AQ,193,2.377416321849581,13.17666838750549
a,AQ,194,0.9323335739987879,16.09425137223817
a,AQ,195,1.2591825652766149,21.8723482665428
a,AQ,196,0.8728082724797623,17.09321896660159
a,AQ,197,1.373694059954019,16.870315747681495
a,AQ,198,1.9774513728102683,12.903932478274934
a,AQ,199,2.5809762087385453,19.009236931439343
a,AQ,200,1.0146004645809734,23.2848729984259
a,AQ,201,1.3077092806364616,33.21958263823093
a,AQ,202,1.1108165430476822,26.17912799305863
a,AQ,203,1.9865942225043476,18.875550050789965
a,AQ,204,2.4174267100282316,23.983066726914156
a,AQ,205,2.072401167250229,16.213711014394953
a,AQ,206,2.696952891805765,15.779223263906587
a,AQ,207,1.9875380494155968,15.062403488080163
a,AQ,208,2.012556694250824,8.757701499194011
a,AQ,209,1.2548513721539152,24.229414014982883
a,AQ,210,1.998931484705536,26.1130428361561
a,AQ,211,1.288626588104548,22.14260756978403
a,AQ,212,1.8052038620049968,23.181193699243316
a,AQ,213,1.5667304992553248,12.076114142318026
a,AQ,214,2.219193039491521,9.917928830504348
a,AQ,215,1.9891141922359843,12.982149708195099
a,AQ,216,2.0868803160146934,10.885496733096948
a,AQ,217,0.876649753557508,31.99305216192847
a,AQ,218,0.8205245450825815,28.280848969029194
a,AQ,219,-0.5357937717741295,21.87723018866999
a,AQ,220,1.5930953639312433,13.89911619265277
a,AQ,221,1.7014670140541934,15.136887812695633
a,AQ,222,1.8037878577669,21.78075662358949
a,AQ,223,2.967562480460841,15.10244382077499
a,AQ,224,1.995072796625652,14.069160537371797
a,AQ,225,1.2321224543722753,13.190310470992149
a,AQ,226,1.3191573373062848,22.081234516168244
a,AQ,227,1.6360006177740445,21.738542064976258
a,AQ,228,1.5277558980696053,19.16751310250921
a,AQ,229,2.858302051692574,16.936730492537095
a,AQ,230,1.5711501106007342,16.9104802566807
a,AQ,231,2.663682102418992,18.036010710755463
a,AQ,232,1.9841515586965128,25.718326348170827
a,AQ,233,2.086192194124129,12.131379747795307
a,AQ,234,3.005023516060551,23.851800007927697
a,AQ,235,0.9189963984430891,21.850787506363037
a,AQ,236,1.6533510067059893,20.763874923587615
a,AQ,237,0.4613494479421596,25.86074629650851
a,AQ,238,1.001099023210302,24.017926455667958
a,AQ,239,1.8539559730656485,22.146286206497702
a,AQ,240,0.7076121729302844,31.243522624044697
a,AQ,241,1.6424578268657442,22.005426779752398
a,AQ,242,1.4708555740157525,22.199056335843213
a,AQ,243,1.853525033743339,12.831771176854462
a,AQ,244,1.6805734626501492,18.01775463030336
a,AQ,245,-0.9266358386833473,31.038543771160988
a,AQ,246,1.3286129252569427,30.89229757168065
a,AQ,247,1.0669655697417095,29.86463803584512
a,AQ,248,1.9737411731971353,21.274072837256156
a,AQ,249,1.7535834956300969,25.987667547821896
a,AQ,250,0.4844348548218571,20.87575891175309
a,AQ,251,1.976312590411954,20.963399601267
a,AQ,252,1.870529903400147,23.28207277535239
a,AQ,253,-0.25450052731833406,33.83444728784126
a,AQ,254,1.4221920408772046,39.90141404070033
a,AQ,255,1.8656984458306534,25.22484991875141
a,AQ,256,0.7841845461603509,11.745863977468957
a,AQ,257,1.020406622240353,26.00267938889006
a,AQ,258,1.9780123229593949,23.056172996643202
a,AQ,259,0.8454058752251163,22.072016127904227
a,AQ,260,2.7441201482869113,19.86694541123156
a,AQ,261,0.48064804794873117,22.771616497050964
a,AQ,262,1.3387415040871717,21.879758153697463
a,AQ,263,1.9262532808656152,21.136785902061675
a,AQ,264,3.022911962654592,11.767644907808258
a,AQ,265,1.9836712085884285,29.96596143277648
a,AQ,266,1.248305503900295,30.04517768149156
a,AQ,267,1.6275253305534463,13.759028889904702
a,AQ,268,3.001415063874375,13.745773496045764
a,AQ,269,0.8147900930299667,21.870710349574313
a,AQ,270,1.0730495687079697,21.00519507872636
a,AQ,271,1.5194638828811016,20.256601712215847
a,AQ,272,1.981244764360091,12.966606517116555
a,AQ,273,2.741147137077191,24.167324261953166
a,AQ,274,1.364237301760837,20.73897122313055
a,AQ,275,1.7727741264026493,25.03120430766029
a,AQ,276,1.5425064137586961,18.16655957957032
a,AQ,277,1.6960008492146406,26.789507983879304
a,AQ,278,1.2006525596602442,29.76796021336325
a,AQ,279,1.5163650027055295,16.874251381607216
b,Maemuki,1,0.7510757102029815,1.0662365564903746
b,Maemuki,2,2.32026365497694,-0.09616248033754515
b,Maemuki,3,1.4188718298650125,0.29387658124409843
b,Maemuki,4,1.638548774349478,0.9009748106718438
b,Maemuki,5,2.5431729078062393,1.4737833834593226
b,Maemuki,6,2.107101002137542,0.9229282150655398
b,Maemuki,7,-0.0962693889150712,-0.7954209024587995
b,Maemuki,8,1.1174177007405648,0.5045888768475195
b,Maemuki,9,2.4554099497828785,0.682649734180315
b,Maemuki,10,0.4069544045006208,0.13371239792601797
b,Maemuki,11,3.0076546553674204,0.6574012390878212
b,Maemuki,12,2.5736318695156015,1.491861731917528
b,Maemuki,13,0.7953352117177759,0.3295316674929891
b,Maemuki,14,0.736220914585787,0.9805410799613707
b,Maemuki,15,0.6952963341973257,0.3810462645225421
b,Maemuki,16,1.2960438876123446,0.7700074228418836
b,Maemuki,17,-0.7110220444440718,-0.6881055663198045
b,Maemuki,18,1.791270403904801,0.7385962745645551
b,Maemuki,19,0.7848875694011492,0.5881439182838841
b,Maemuki,20,2.3552201249503453,1.1874385307097484
b,Maemuki,21,2.071811130773888,1.1866761171820355
b,Maemuki,22,2.1048404680647623,0.7778628784509247
b,Maemuki,23,1.4518966513851925,0.9605479631828853
b,Maemuki,24,1.4450968432221334,0.3844690241231665
b,Maemuki,25,2.668331617558147,1.0059262000943985
b,Maemuki,26,2.04432471768943,1.4211297394949756
b,Maemuki,27,-0.6666317322482955,0.0891537745501394
b,Maemuki,28,1.9911966809203179,0.7192825100167852
b,Maemuki,29,1.2366650659810778,0.8687088285939695
b,Maemuki,30,2.89999097333288,1.8504259567476375
b,Maemuki,31,1.8009759531322551,0.007104324994411382
b,Maemuki,32,2.430897085983098,1.294934006100151
b,Maemuki,33,0.24105224318173768,-0.49601963918655256
b,Maemuki,34,3.021223302416934,1.789050169399061
b,Maemuki,35,1.9804422114956024,1.1420372896221682
b,Maemuki,36,2.5542555726966665,1.3783615880720883
b,Maemuki,37,2.7920738155990135,-0.13088393076884675
b,Maemuki,38,2.9916415521560538,1.69781280243141
b,Maemuki,39,0.8742639740599816,1.1735501821290324
b,Maemuki,40,1.3720212753357757,0.5548111717411157
b,Maemuki,41,0.6678150878244158,0.3574410941902568
b,Maemuki,42,2.7884256792473128,1.3499390583423976
b,Maemuki,43,0.44615446243646106,-0.5336435710219323
b,Maemuki,44,3.029244143656375,1.974941034071497
b,Maemuki,45,1.3997783954892764,1.3465078282552727
b,Maemuki,46,1.681350552253675,0.37701736507598693
b,Maemuki,47,0.03160587584744112,-0.4024876731571665
b,Maemuki,48,1.5608709827885656,0.23843573367587045
b,Maemuki,49,0.906349732157401,0.051183513922614665
b,Maemuki,50,1.587515281792168,1.5453078535314564
b,Maemuki,51,1.8529493639344228,0.6932352664934709
b,Maemuki,52,0.5894598994109099,0.5118974960977714
b,Maemuki,53,2.6448472917090218,0.4087636143787743
b,Maemuki,54,1.5789057059245257,0.441216176753114
b,Maemuki,55,2.1373655719594664,1.0571795991518105
b,Maemuki,56,1.7710828531861136,1.621766563541759
b,Maemuki,57,1.0211471947790036,0.6576203232648925
b,Maemuki,58,1.3114263007068985,0.6530883688196722
b,Maemuki,59,0.5250770201938879,0.6930528182925286
b,Maemuki,60,1.4348269244925387,0.651779643337387
b,Maemuki,61,1.7349974222540094,1.7653036874941384
b,Maemuki,62,1.42376442608139,1.2536529486621393
b,Maemuki,63,1.642178867027968,1.3035683865147982
b,Maemuki,64,0.19946666948530067,0.1638547468310121
b,Maemuki,65,2.1548527609856194,1.2633763625898018
b,Maemuki,66,1.696875260894731,1.6145072632001773
b,Maemuki,67,1.8887428489379534,0.7853026989990337
b,Maemuki,68,2.7452649851819366,1.8082449501286257
b,Maemuki,69,0.626803326724334,-0.8096899143636533
b,Maemuki,70,0.5619696567206303,0.5812803152262338
b,Maemuki,71,1.6635598298986691,1.007180606203196
b,Maemuki,72,-0.4672262914666656,-0.607804109316344
b,Maemuki,73,2.019381573827708,1.5056742156204201
b,Maemuki,74,1.8006269704211038,0.363824199517889
b,Maemuki,75,0.36525888693236386,0.21299513183609142
b,Maemuki,76,2.555575787935494,1.7318240079341551
b,Maemuki,77,2.633193979075628,2.1198321369489794
b,Maemuki,78,2.2490361102568306,1.7971651917314566
b,Maemuki,79,1.455744029902032,1.006676639701796
b,Maemuki,80,1.65175089656982,0.8543926093775838
b,Maemuki,81,2.4091147923654237,1.0403141854799718
b,Maemuki,82,0.7669841120981475,0.9997629091786897
b,Maemuki,83,1.424284547722749,0.2094594219230741
b,Maemuki,84,0.8064183976975019,0.3386367012077738
b,Maemuki,85,2.7898154739421583,1.1681985192733082
b,Maemuki,86,1.9933782484801457,1.1456956054213103
b,Maemuki,87,0.7702247928501587,0.2508454798835389
b,Maemuki,88,0.5843899672534985,0.314211966350062
b,Maemuki,89,2.415792916598771,1.446739117261301
b,Maemuki,90,1.0962858640556004,1.1802426612595136
b,Maemuki,91,0.5426465263338502,1.0645342076141935
b,Maemuki,92,2.006398777224213,1.411505587275784
b,Maemuki,93,1.780428375625263,1.4269718685998733
b,Maemuki,94,1.907171879523335,-0.007342001761956429
b,Maemuki,95,1.4252747974887985,0.44234856307694637
b,Maemuki,96,0.5846474923149336,0.29579657218573985
b,Maemuki,97,1.3258645151109079,0.46249499760749013
b,Maemuki,98,0.43930781735617064,0.3775646552314209
b,Maemuki,99,1.704618065567029,0.31099449997837114
b,Maemuki,100,3.025715519396094,2.1355738927518693
b,Maemuki,101,1.8943006817248387,1.0291460103122407
b,Maemuki,102,2.56510192640791,1.17557242102228
b,Maemuki,103,0.8624810119500386,0.836499911437868
b,Maemuki,104,1.5436566345036447,1.1622937301015264
b,Maemuki,105,1.7661485185511765,1.2597349071861363
b,Maemuki,106,2.372083541895843,0.34781250167185696
b,Maemuki,107,1.2652910326959903,0.4495338513911702
b,Maemuki,108,2.037839135479846,0.8055921697954027
b,Maemuki,109,1.772187169963301,0.8648181619008746
b,Maemuki,110,1.1987817945568313,0.5419336427680845
b,Maemuki,111,0.9732489265257267,0.5996326759676203
b,Maemuki,112,1.0178454921802862,0.7755757844840543
b,Maemuki,113,2.0866258819032453,1.4606411442345717
b,Maemuki,114,-2.9711873475712878,0.16659144467343667
b,Maemuki,115,2.0290140633890914,1.2598753633572741
b,Maemuki,116,2.243543366846189,1.5035707820519204
b,Maemuki,117,2.0982999219106517,1.47249349561134
b,Maemuki,118,0.698948699360411,-0.2549809581853112
b,Maemuki,119,1.9672831741676955,0.21069149723997027
b,Maemuki,120,0.8085428971117827,0.47247980624355157
b,Maemuki,121,0.818799461719451,-1.099388472100724
b,Maemuki,122,1.8072931845591853,0.9901140745638297
b,Maemuki,123,1.6696220344127548,0.8103911033314763
b,Maemuki,124,2.6655305020298137,1.9590844643539098
b,Maemuki,125,1.749851836082394,1.1053625081863774
b,Maemuki,126,1.4836239863500067,1.3796408076668003
b,Maemuki,127,1.7927420040327071,0.7297460642191513
b,Maemuki,128,2.4490952492375424,1.885084384752851
b,Maemuki,129,0.8605983139764932,0.6264643381891866
b,Maemuki,130,1.9122718333322002,1.1877233304928319
b,Maemuki,131,1.8778915358770547,1.2338553978431381
b,Maemuki,132,1.9157058542161662,1.267946009112388
b,Maemuki,133,1.8674579934931055,1.6273300821016439
b,Maemuki,134,1.987729344773948,1.2730349464425892
b,Maemuki,135,1.6846847944794048,0.8064364788710476
b,Maemuki,136,2.444858959056777,-0.09370676815454171
b,Maemuki,137,1.701672266964005,0.4454506533721896
b,Maemuki,138,1.3317628747029229,0.987106745119507
b,Maemuki,139,1.4034750712323607,0.9360549312984976
b,Maemuki,140,2.0188858269969945,0.8516127876692485
b,Maemuki,141,2.5261598737536515,-0.20657339601275038
b,Maemuki,142,1.7586328505133366,0.7872552203297525
b,Maemuki,143,1.3016037578988024,0.13360134968327353
b,Maemuki,144,1.7334871556501747,1.2793957536409866
b,Maemuki,145,-0.19944609140270853,0.0070147623966707595
b,Maemuki,146,0.5537494147877524,0.7242127665078792
b,Maemuki,147,1.5786196832160684,0.5107958248394713
b,Maemuki,148,1.1251723706533738,-0.13799176108153322
b,Maemuki,149,1.696202304389531,0.645866697691085
b,Maemuki,150,0.7443801460093513,0.46469138798488685
b,Maemuki,151,1.4344447297337268,0.4153134197431574
b,Maemuki,152,2.466764435038873,0.7429206778376602
b,Maemuki,153,1.346254907311402,0.2785853123040678
b,Maemuki,154,-0.4304812770491866,0.4501332844191961
b,Maemuki,155,1.637938209822594,0.7157871541396637
b,Maemuki,156,0.07680851571346148,-0.8105573515425228
b,Maemuki,157,-0.4619683700407382,-0.20451273307055207
b,Maemuki,158,1.0279090940317026,0.7122347281017734
b,Maemuki,159,0.230385562712486,-0.24415215511253596
b,Maemuki,160,1.6915571202511126,0.4378654504529085
b,Maemuki,161,1.0778432672669673,-0.8354951380551656
b,Maemuki,162,1.337066951237074,1.0568851299588435
b,Maemuki,163,2.9114315513784543,1.7669554077194065
b,Maemuki,164,1.4734410490389394,1.0905983589938457
b,Maemuki,165,1.320651693893688,1.0646161376263734
b,Maemuki,166,1.8550080922072167,1.298472007602665
b,Maemuki,167,1.1465914237317731,0.7142765104239401
b,Maemuki,168,1.0073838742282888,-0.061421063621041605
b,Maemuki,169,1.5406340486046988,0.3561248378901247
b,Maemuki,170,1.2900656637930386,0.6213727649332972
b,Maemuki,171,2.3503002330056812,1.0762979721079131
b,Maemuki,172,1.9671885576800001,0.7925807237167255
b,Maemuki,173,1.1834716259164422,0.4756810882522424
b,Maemuki,174,0.7926337607432514,1.2192842014708027
b,Maemuki,175,2.1475440438718065,-0.22236448092126515
b,Maemuki,176,1.189181830615671,0.5433515790966061
b,Maemuki,177,-0.09054140389134657,1.110788912147691
b,Maemuki,178,1.6903279961490485,1.6466807059135005
b,Maemuki,179,2.98660297215807,1.3459886219309976
b,Maemuki,180,0.2233123188541355,0.5199268105205035
b,Maemuki,181,1.7966537510653975,1.0698409541749756
b,Maemuki,182,0.13310671445786415,-0.07921302344218117
b,Maemuki,183,3.009739276843834,1.9268027874422518
b,Maemuki,184,1.2315323687615631,0.9915022998479386
b,Maemuki,185,1.7900648321876913,1.0337487726873027
b,Maemuki,186,1.543181216056813,0.006566991604624484
b,Maemuki,187,0.006514407351794205,0.9191484798763314
b,Maemuki,188,0.6863330618271712,-0.4024977984427217
b,Maemuki,189,0.004023042851845293,0.4322642326381554
b,Maemuki,190,1.5109595834146745,0.8798669324190838
b,Maemuki,191,1.4890334115124286,0.78543624400253
b,Maemuki,192,1.9889398416871353,1.5078798686106865
b,Maemuki,193,2.366249792890555,1.213185775393279
b,Maemuki,194,0.8967914002793851,0.49030306771782306
b,Maemuki,195,1.20898027923384,1.0658854946817273
b,Maemuki,196,0.8444535998754397,0.574773958873501
b,Maemuki,197,1.3626934107550301,1.2848614979606032
b,Maemuki,198,1.9938584577843503,0.5116238705203615
b,Maemuki,199,2.544239749957911,1.265937846256668
b,Maemuki,200,1.0120362972127666,0.5242014391714096
b,Maemuki,201,1.3542218047934709,0.5886769001455607
b,Maemuki,202,1.0661249756690223,-0.34691651657455247
b,Maemuki,203,2.0378203328743956,1.2621668482275976
b,Maemuki,204,2.4096226189113557,0.8508311380263258
b,Maemuki,205,2.070354587043445,1.2088691786447732
b,Maemuki,206,2.624025955909368,1.3590524863728346
b,Maemuki,207,1.971297156360441,1.5661557466112193
b,Maemuki,208,1.9592191429191637,1.1699050237952764
b,Maemuki,209,1.265747334274737,-0.27069329531157227
b,Maemuki,210,1.9698909871578945,1.0312602186110467
b,Maemuki,211,1.353266660648992,0.6332232859145115
b,Maemuki,212,1.7522437939643725,0.3761000189490227
b,Maemuki,213,1.5795724264011728,0.6777337310203364
b,Maemuki,214,2.224210117171025,1.9299897693579813
b,Maemuki,215,1.9566972903086706,1.4404518748585677
b,Maemuki,216,2.0807928121318087,0.6145975791290359
b,Maemuki,217,0.9308090817517649,0.26542437350017667
b,Maemuki,218,0.7767587662739319,0.35604612234176014
b,Maemuki,219,-0.5160178736459531,-0.4352592003142025
b,Maemuki,220,1.5340717424714603,1.1621646673632706
b,Maemuki,221,1.6974016925438349,1.2665113786959372
b,Maemuki,222,1.791923098367377,1.5837823642436537
b,Maemuki,223,2.9880562750866684,1.6906518539205937
b,Maemuki,224,1.9602749746120338,1.4164897792882956
b,Maemuki,225,1.2544560741172015,1.4955848769988456
b,Maemuki,226,1.355468513589381,0.7999995508802447
b,Maemuki,227,1.6606390012084598,0.5745778722751007
b,Maemuki,228,1.5177282697815242,1.526089279587357
b,Maemuki,229,2.8597655928568937,2.4094780399230284
b,Maemuki,230,1.5230115008785727,0.9635138970432371
b,Maemuki,231,2.698506183825354,0.92761600950153
b,Maemuki,232,2.0401470112263036,0.5275513767033864
b,Maemuki,233,2.1507931800888613,1.3093951552494376
b,Maemuki,234,3.037477555488599,1.1168150424704635
b,Maemuki,235,0.9153067129430723,0.06523185678150245
b,Maemuki,236,1.6770287258592207,1.5027538326186978
b,Maemuki,237,0.433277315804351,0.2538810824439439
b,Maemuki,238,0.9931665420809854,0.1010418648093474
b,Maemuki,239,1.8927410792001833,1.0111892901734478
b,Maemuki,240,0.6502689805533999,-0.2059833233117463
b,Maemuki,241,1.7021482006362074,0.9454158939985642
b,Maemuki,242,1.4814119634395873,0.6279997491190172
b,Maemuki,243,1.847118101676366,1.4640535727045956
b,Maemuki,244,1.6887787637021523,0.8863748486059264
b,Maemuki,245,-0.9063858033493841,-0.006644539959078766
b,Maemuki,246,1.3167977713232508,0.5894890105392387
b,Maemuki,247,1.092153969458372,-0.01050070753854615
b,Maemuki,248,2.044493883980201,0.8024184952582292
b,Maemuki,249,1.7590043752112248,-0.40835549709225727
b,Maemuki,250,0.46941689154071,0.20583613016782643
b,Maemuki,251,2.04042520410004,1.160119276531876
b,Maemuki,252,1.8801507432557951,1.1219201386424649
b,Maemuki,253,-0.1924843913252796,-0.009297028688384223
b,Maemuki,254,1.4769144042043925,1.0339195890053032
b,Maemuki,255,1.8483548340727731,-0.0055569148104458455
b,Maemuki,256,0.78135162662335,1.244345696617343
b,Maemuki,257,0.9947354521964469,0.8279640021078425
b,Maemuki,258,1.9552006280910161,0.9086474604769077
b,Maemuki,259,0.873843062389331,0.46468370670619863
b,Maemuki,260,2.8180099383074637,0.9259308150893162
b,Maemuki,261,0.4794755137273987,0.4328024542974849
b,Maemuki,262,1.336681984296625,0.3606802531905937
b,Maemuki,263,1.9109818683643525,0.8771195035743309
b,Maemuki,264,3.0078649769616534,1.6739732527077713
b,Maemuki,265,2.005993942693637,0.3044120663522256
b,Maemuki,266,1.1849283983909462,-0.026092675747841687
b,Maemuki,267,1.659357541242799,0.5327722974410285
b,Maemuki,268,2.995875188403401,1.5425194530183632
b,Maemuki,269,0.7481136904567891,0.5539936495492388
b,Maemuki,270,1.1461552068502314,0.8103845643812959
b,Maemuki,271,1.5572198919412878,0.6472525881045155
b,Maemuki,272,2.0356461951930465,1.909018880994756
b,Maemuki,273,2.746260272235495,1.314578287744919
b,Maemuki,274,1.365173753152451,0.4580292810898783
b,Maemuki,275,1.7358041715891837,0.5797184677516924
b,Maemuki,276,1.5935546697445009,1.215945373802843
b,Maemuki,277,1.7017769563806473,0.4285402939135321
b,Maemuki,278,1.2009303613828344,0.15255639424358192
b,Maemuki,279,1.584019689315645,1.176668739430117
c,Flow,1,0.7449274796618068,0.5145269147403126
c,Flow,2,2.3005795447864683,0.8255399748662577
c,Flow,3,1.4082248144024083,-0.2390997448052582
c,Flow,4,1.7000545256772002,1.526523574961013
c,Flow,5,2.553385256876428,1.4725520804232395
c,Flow,6,2.141096475049263,1.7791824683104025
c,Flow,7,-0.09624622806150729,0.6945352156582514
c,Flow,8,1.1374497838291528,1.0853935245671877
c,Flow,9,2.4643823621014693,0.8570625833586678
c,Flow,10,0.40206311776469184,0.8883809286969233
c,Flow,11,2.9795927071416948,1.5151557781510956
c,Flow,12,2.544472530863506,1.7329587135716693
c,Flow,13,0.7372980060632264,0.3879789615610887
c,Flow,14,0.7682520113112852,1.4047323637009712
c,Flow,15,0.667874460905105,0.31093249942949774
c,Flow,16,1.3075214221128109,1.5938968057603105
c,Flow,17,-0.6247351634409921,-0.4372454338788312
c,Flow,18,1.7936333718228434,0.15991817845115297
c,Flow,19,0.8022930441268126,1.2607908778095833
c,Flow,20,2.3251853582479534,2.1788212799731537
c,Flow,21,2.072626048254297,1.4881650159741011
c,Flow,22,2.0776030658006004,1.1114804361095216
c,Flow,23,1.4102338083650086,1.224530696251259
c,Flow,24,1.4026042515755988,0.27795918493791616
c,Flow,25,2.646797973709181,1.7318635675188028
c,Flow,26,2.0256483273838883,1.9366874072053224
c,Flow,27,-0.6462886986228593,0.9280323054661748
c,Flow,28,1.9967781573429617,0.9288075783879821
c,Flow,29,1.2648807477933808,1.417554219787986
c,Flow,30,2.8765526153725256,2.3254695512288532
c,Flow,31,1.8143195648972927,0.17409915264622855
c,Flow,32,2.4053882090634024,1.5897946721874563
c,Flow,33,0.2649994272047991,1.3442525735081032
c,Flow,34,3.041538908921366,1.6749799048107858
c,Flow,35,1.9943516299074258,0.8882763197188932
c,Flow,36,2.5814470637054203,1.06187654608445
c,Flow,37,2.813988393493263,1.3122393176027
c,Flow,38,2.964109399200555,2.5746383771956487
c,Flow,39,0.9206593942017625,2.4969866809522863
c,Flow,40,1.3327661287065702,0.9892565977811547
c,Flow,41,0.693344409616953,0.255642002147777
c,Flow,42,2.7579160833334306,0.38957482306492586
c,Flow,43,0.4665713650118213,0.2529898201354195
c,Flow,44,3.031651714175039,2.754824221572536
c,Flow,45,1.481104009975132,1.0733163431312542
c,Flow,46,1.7000582691331312,0.6910209089286765
c,Flow,47,0.03578130657355061,-0.327840184874747
c,Flow,48,1.5479805237796391,1.0928916033045768
c,Flow,49,0.9083791089292266,1.076329201401582
c,Flow,50,1.5479168585561691,1.8176813904929219
c,Flow,51,1.922401050457272,0.6130057780523901
c,Flow,52,0.5968111510349625,-0.05838404915411666
c,Flow,53,2.639900706435445,0.5234814953273961
c,Flow,54,1.5756690033549887,1.0996837196833589
c,Flow,55,2.1145140365780986,1.1127592419843242
c,Flow,56,1.8213584824217,1.023124453587854
c,Flow,57,0.9703082334375712,0.107991345930472
c,Flow,58,1.3267990094597577,0.8950677518210697
c,Flow,59,0.5610075479247509,1.5970273516157674
c,Flow,60,1.4704919504971308,0.9294106589178179
c,Flow,61,1.7873104688288448,1.771409596430896
c,Flow,62,1.447647604389104,0.8098735871409657
c,Flow,63,1.6820519611313562,1.0928527835560713
c,Flow,64,0.1810443644874642,0.06947206275144402
c,Flow,65,2.0936968467553356,0.9346644239414081
c,Flow,66,1.6277565163723988,1.4917370538050005
c,Flow,67,1.9306172786119733,1.567161595803145
c,Flow,68,2.7979926265434596,1.7278650532601598
c,Flow,69,0.6375459506363614,-0.4855615083798901
c,Flow,70,0.579658810900336,-0.01555467116094722
c,Flow,71,1.6556559542102969,1.0548463268610435
c,Flow,72,-0.40794343304570146,0.3402296071145128
c,Flow,73,2.0199885812118623,1.8129833826361583
c,Flow,74,1.7421345573934897,0.6923268065341392
c,Flow,75,0.35600793349090454,0.6560974422370036
c,Flow,76,2.553226181301687,1.3423211605266774
c,Flow,77,2.691211141095761,2.5802541542412674
c,Flow,78,2.2466956369531177,2.27170736680419
c,Flow,79,1.4288898772421321,1.3564447506287358
c,Flow,80,1.6721328418059453,1.0267110456995057
c,Flow,81,2.4129688882075895,1.7787147543636586
c,Flow,82,0.8175878243393635,1.1818669197346834
c,Flow,83,1.4691479056764178,1.3422988559962072
c,Flow,84,0.759607301410826,1.2503286925518653
c,Flow,85,2.7409159801317093,1.8276372616104357
c,Flow,86,1.977315563694754,0.6950196249876588
c,Flow,87,0.7554490636245768,1.423982126959746
c,Flow,88,0.5266402618931885,0.9916667660935279
c,Flow,89,2.4423084553976766,1.9849159902165514
c,Flow,90,1.1466884186028778,1.40132247297313
c,Flow,91,0.5844665735811794,0.8144874271749183
c,Flow,92,2.0108694988912186,1.6105041601318644
c,Flow,93,1.7589813331607962,1.9030390285646575
c,Flow,94,1.8662292678475012,-0.0928869872159851
c,Flow,95,1.4795979181947319,0.35644631928459725
c,Flow,96,0.5572269948002244,0.8207111639970757
c,Flow,97,1.3297077647636764,0.42314983247329807
c,Flow,98,0.4745663541653826,0.3345156160056828
c,Flow,99,1.688495915168735,0.47769221711905274
c,Flow,100,2.981938265806215,2.1915288422014694
c,Flow,101,1.8734671055944512,1.6535325782853274
c,Flow,102,2.5189957778681054,1.1776691204137597
c,Flow,103,0.8861779647243786,0.9314488689618383
c,Flow,104,1.5283650399027673,0.5901319655407906
c,Flow,105,1.7761802956597448,0.9324441285074097
c,Flow,106,2.3002551353604,1.8177465046765473
c,Flow,107,1.2417010518518126,-0.010470036322722476
c,Flow,108,2.040260956759097,1.8286630243204263
c,Flow,109,1.7969746861663038,1.9874827952069771
c,Flow,110,1.2026145438084948,0.7470148615038359
c,Flow,111,1.0408480633079407,0.9194020416763686
c,Flow,112,1.042242111758731,0.4135372459166511
c,Flow,113,2.1017557649197487,2.1966713036302936
c,Flow,114,-2.9917712218904895,-0.3550444387034415
c,Flow,115,2.014611183921226,0.6057483948121638
c,Flow,116,2.212307474806737,0.9088681359969952
c,Flow,117,2.1293647272368004,1.4878203551690738
c,Flow,118,0.64630520754086,-0.11134624289634654
c,Flow,119,2.035052771288382,0.47149804055904965
c,Flow,120,0.7528015825435261,0.2201032828789662
c,Flow,121,0.778926426928586,-0.659560053911606
c,Flow,122,1.7730055493406276,1.1855019874686574
c,Flow,123,1.6376695265361612,0.8472323368616339
c,Flow,124,2.70303946659219,2.9021847907574436
c,Flow,125,1.7384587005855536,0.23249131856603844
c,Flow,126,1.448641512212352,1.8497913150877432
c,Flow,127,1.7762585750835127,0.4866583503681581
c,Flow,128,2.4479683219954786,1.7460059644234716
c,Flow,129,0.879061491708542,0.15911822214501048
c,Flow,130,1.9257264632057662,1.764514931772505
c,Flow,131,1.8839409643560936,1.1840635814122389
c,Flow,132,1.8694461523239596,1.6912735570957573
c,Flow,133,1.9207057427721335,1.3519992667193037
c,Flow,134,1.9657832711137848,1.0642438646702286
c,Flow,135,1.6651013496078582,1.249161772461847
c,Flow,136,2.4603118133402226,0.9758367135835082
c,Flow,137,1.68134158029115,0.15465714030044753
c,Flow,138,1.300808184832956,1.7723937647195807
c,Flow,139,1.475609022840401,1.5249312982134708
c,Flow,140,2.0362130384363653,1.4291038892828194
c,Flow,141,2.5390197032151987,0.16251869677635433
c,Flow,142,1.8143249382595208,-0.010236522960306083
c,Flow,143,1.3574339220437608,0.8265661311487018
c,Flow,144,1.8168193265428982,1.568326638979801
c,Flow,145,-0.23291451573799682,0.41045317170380735
c,Flow,146,0.5211188012351058,0.6925212432082388
c,Flow,147,1.528342626379529,0.5879301873620577
c,Flow,148,1.1163662817379052,0.06794127699626396
c,Flow,149,1.6479179194500473,1.0743390951260388
c,Flow,150,0.7393901821976994,0.5925244789545321
c,Flow,151,1.427554039890417,0.8075483729277244
c,Flow,152,2.435300863152995,1.3429758892670258
c,Flow,153,1.3294878924978857,0.5536698168505776
c,Flow,154,-0.48360102621783296,0.49713634798349116
c,Flow,155,1.652800206581973,1.0788369592514306
c,Flow,156,0.10652567917338507,-0.6591726246481293
c,Flow,157,-0.448316234120238,-0.05794268836686489
c,Flow,158,0.9860463423432169,0.8446287618492949
c,Flow,159,0.23392936375426476,0.24955422144619188
c,Flow,160,1.6724932485001984,0.33146534583176535
c,Flow,161,1.1548385462899287,0.09077013483624641
c,Flow,162,1.2939920861943763,0.8449810176717873
c,Flow,163,2.892292513239732,2.17161625356811
c,Flow,164,1.460087344844859,1.7437188906212318
c,Flow,165,1.2952185222503605,1.8539802619578682
c,Flow,166,1.8771247645088005,1.9755728409104312
c,Flow,167,1.155072663104714,0.42498745419191275
c,Flow,168,0.9726004674275699,1.3605025468187955
c,Flow,169,1.5440096482453205,0.8328940330181358
c,Flow,170,1.2899610261729322,1.669748868736793
c,Flow,171,2.32452927561068,2.1727452136368064
c,Flow,172,1.9673655141121653,0.8257929959334291
c,Flow,173,1.208550972181027,1.2367024270762128
c,Flow,174,0.743307514067252,1.1847565045186195
c,Flow,175,2.1523843420613913,1.3180943649051402
c,Flow,176,1.2068827545516356,1.4373525880056
c,Flow,177,-0.12037151197767271,1.1089965933118755
c,Flow,178,1.6237134944819083,1.3267839564206265
c,Flow,179,2.9706507845634817,1.3055158164676088
c,Flow,180,0.2564315732578102,1.1806927670647624
c,Flow,181,1.7341969465212292,1.3062175719446403
c,Flow,182,0.14570146702335363,-0.22576849397319954
c,Flow,183,2.990027564623327,2.168734295426094
c,Flow,184,1.2208050311616176,1.0190664919635912
c,Flow,185,1.7666125901023504,0.33771479594922016
c,Flow,186,1.5576420782358307,1.3305648762856
c,Flow,187,-0.011175318575361803,1.1690766786386808
c,Flow,188,0.6755583302403445,0.0935579429891158
c,Flow,189,0.0036139859018815557,0.38843332840475453
c,Flow,190,1.5305717837370842,1.1584965955544084
c,Flow,191,1.4692996921082662,1.6790731666857428
c,Flow,192,2.018285343999376,1.7460441740529378
c,Flow,193,2.36203006211551,0.7267978743826062
c,Flow,194,0.9312946923979544,0.48629600742641044
c,Flow,195,1.2647243614884145,-0.24246076529996496
c,Flow,196,0.8947258320621185,1.6598893305051559
c,Flow,197,1.3473713338030517,1.013579322498365
c,Flow,198,1.9876440290462263,0.8895536220581493
c,Flow,199,2.5357387140526537,1.3104372367964876
c,Flow,200,1.0024940631305377,0.9064498869336848
c,Flow,201,1.2947527530930918,0.4909939783800794
c,Flow,202,1.0838502688209868,1.077888591361503
c,Flow,203,1.9589806924787974,1.0080778940008224
c,Flow,204,2.484777205681472,0.32141106343446424
c,Flow,205,2.1438167255638003,1.27761743643326
c,Flow,206,2.7027502826900554,1.5736354262273657
c,Flow,207,2.039560091397523,1.3956404985885396
c,Flow,208,1.9876535547245489,1.4995857725644957
c,Flow,209,1.2384744492502415,-0.06849565763468746
c,Flow,210,2.022672376533075,1.3124260585545855
c,Flow,211,1.3230194795012489,1.236660750755071
c,Flow,212,1.8088536097180095,-1.109323239058775
c,Flow,213,1.5558913190413426,0.7413245235367201
c,Flow,214,2.2667341283618674,0.49376034575674876
c,Flow,215,1.9582120127743234,1.3247179743569428
c,Flow,216,2.1138549730029306,1.087535211465338
c,Flow,217,0.8984509883035932,1.5106683847997244
c,Flow,218,0.740342602777861,-0.1600048669009294
c,Flow,219,-0.5813285630614748,-0.7326062240045873
c,Flow,220,1.554059555218589,1.4461628106480773
c,Flow,221,1.6321709502714459,0.7600004246718051
c,Flow,222,1.7541334137343343,1.2338100619420738
c,Flow,223,3.021564092514727,2.191010592747293
c,Flow,224,1.9841669644324478,1.1649022445782342
c,Flow,225,1.1906348674387965,1.0046254676273687
c,Flow,226,1.2902650191002891,0.14524872120338017
c,Flow,227,1.6532223669464416,1.6865592947825498
c,Flow,228,1.534015166948687,1.3327138260220628
c,Flow,229,2.914122037854746,2.3536049357877413
c,Flow,230,1.5647623173907972,-0.008752783761383331
c,Flow,231,2.671425492576483,1.4935644693211128
c,Flow,232,2.038863884587622,1.1643056763843025
c,Flow,233,2.1195814692667483,1.2637308100400655
c,Flow,234,3.0268243792626492,1.4705475693744123
c,Flow,235,0.87521067215464,1.088800321337616
c,Flow,236,1.6796719351122595,1.3073664102335236
c,Flow,237,0.4436883285022195,0.6420762626250984
c,Flow,238,1.0188147712715425,0.5649889727224195
c,Flow,239,1.8922204442559396,0.61016635443472
c,Flow,240,0.7089028794293886,0.6910929142428415
c,Flow,241,1.6790515649534354,1.3072727691296286
c,Flow,242,1.4331041635566484,1.1576968479696705
c,Flow,243,1.8558773430898938,1.6026063247290523
c,Flow,244,1.6394301550423087,1.2696433758611758
c,Flow,245,-0.8870925066914381,-0.3192047736423481
c,Flow,246,1.3200611815341148,0.6663472104980472
c,Flow,247,1.073176465690568,0.15699459792327985
c,Flow,248,2.0329632039781567,1.0783476613972325
c,Flow,249,1.7970763165554215,0.5852501276309219
c,Flow,250,0.4681534539604728,0.3929617790867914
c,Flow,251,2.0193539398022793,1.837621374495126
c,Flow,252,1.8727757667533176,1.4350901938211815
c,Flow,253,-0.18821553935201418,0.7710710571608981
c,Flow,254,1.4252346670727594,1.3381195345914607
c,Flow,255,1.8651435560528462,0.9933195729790478
c,Flow,256,0.7625196434228099,1.3951335111790995
c,Flow,257,1.0302470781942885,0.9975715379750014
c,Flow,258,2.0107885810209876,1.0904236479854643
c,Flow,259,0.8665603889840239,0.5114982445663907
c,Flow,260,2.7763839324972146,0.7219841541780931
c,Flow,261,0.4066113958646622,0.6453347284047546
c,Flow,262,1.3035263158929578,0.7303017998183794
c,Flow,263,1.8980492278122494,0.814896037116285
c,Flow,264,2.9967459349898737,1.4106402928400743
c,Flow,265,2.0052848519102042,0.8270049392147116
c,Flow,266,1.2287282669773205,1.4816743014509277
c,Flow,267,1.6241429051307321,0.6367525247843266
c,Flow,268,3.032471013664722,1.5043337650551676
c,Flow,269,0.80636077427621,0.24949870324337442
c,Flow,270,1.082151741549386,0.3224755561797896
c,Flow,271,1.5905426548171846,-0.0844972486092821
c,Flow,272,1.999792877046768,1.5708376699646567
c,Flow,273,2.7624666083302056,1.4408584811536334
c,Flow,274,1.363982560308333,1.2573569156839057
c,Flow,275,1.7395230398387698,0.8243918265550587
c,Flow,276,1.589424496403054,1.7250307076613227
c,Flow,277,1.649064015434285,0.6874194791756245
c,Flow,278,1.1874538114505215,0.5113441511735715
c,Flow,279,1.551493968742954,2.3427139594172495
d,Daily familiarity,1,0.766604235911212,0.8600424778795714
d,Daily familiarity,2,2.374336869118175,1.5141509000130533
d,Daily familiarity,3,1.4323053041118934,0.0834911137350769
d,Daily familiarity,4,1.643021993973484,0.7082603396387626
d,Daily familiarity,5,2.594124910932522,-0.8371669585775998
d,Daily familiarity,6,2.080879022592982,0.5832903585075826
d,Daily familiarity,7,-0.12222924027322879,0.5094295528564299
d,Daily familiarity,8,1.1548357463221768,1.5348608856003603
d,Daily familiarity,9,2.484260553048589,-0.9005085067880283
d,Daily familiarity,10,0.4821961808089186,1.9704565274309926
d,Daily familiarity,11,2.9571540898122395,1.8325488006788033
d,Daily familiarity,12,2.5324698192168773,-1.605294689376497
d,Daily familiarity,13,0.7940311478229178,-0.0005696753494874862
d,Daily familiarity,14,0.7391186143400343,1.478813572140604
d,Daily familiarity,15,0.688940273439814,0.5401029019830075
d,Daily familiarity,16,1.2981176176679083,0.6198910035482887
d,Daily familiarity,17,-0.6748489348748254,-0.7763992198276877
d,Daily familiarity,18,1.743752813225134,0.00912593745994883
d,Daily familiarity,19,0.7993347898425243,0.8477232529371288
d,Daily familiarity,20,2.2918479561297067,-0.5811377900102053
d,Daily familiarity,21,2.116153622088251,0.3827209241687042
d,Daily familiarity,22,2.137553834316255,0.15548986573469792
d,Daily familiarity,23,1.456591974338239,0.3743775378919145
d,Daily familiarity,24,1.4694779483556912,-0.41177215512780885
d,Daily familiarity,25,2.68780024197362,2.284349631375643
d,Daily familiarity,26,2.042977101519808,0.6581516229618107
d,Daily familiarity,27,-0.6913879482065144,1.3834187618375138
d,Daily familiarity,28,1.980508450122258,-0.5066596120558713
d,Daily familiarity,29,1.2669555947552604,0.21683994806920825
d,Daily familiarity,30,2.9273655823960256,0.6642136520898103
d,Daily familiarity,31,1.8011935169433357,0.9912668254752801
d,Daily familiarity,32,2.485431429390059,-0.46060543312842706
d,Daily familiarity,33,0.24904298983242956,1.5105062420311866
d,Daily familiarity,34,3.014446334969043,-0.7827593498979422
d,Daily familiarity,35,2.0384647270615552,-1.019045079741533
d,Daily familiarity,36,2.5364519373255874,1.363738760371917
d,Daily familiarity,37,2.7946203157846927,2.094683018560273
d,Daily familiarity,38,2.987830071881871,0.8634730488275224
d,Daily familiarity,39,0.8774237417840638,1.9919598899318824
d,Daily familiarity,40,1.3606292638375432,1.5312053907388519
d,Daily familiarity,41,0.708600805328861,0.7535047621282618
d,Daily familiarity,42,2.7340409280856015,2.6338502385719043
d,Daily familiarity,43,0.46825936284377834,0.34404684070681046
d,Daily familiarity,44,2.9868544158261923,-0.29106833172928503
d,Daily familiarity,45,1.4496422993808613,0.9700014128711469
d,Daily familiarity,46,1.6596237012180897,-0.41402963901217404
d,Daily familiarity,47,0.023769162668804356,-0.6393776030546112
d,Daily familiarity,48,1.5547734790782428,1.207304447096102
d,Daily familiarity,49,0.9205137410112596,0.9776694576638287
d,Daily familiarity,50,1.5846280151094687,-0.4865139757909458
d,Daily familiarity,51,1.8561695612162934,0.14691270188451
d,Daily familiarity,52,0.5129450271871772,1.4723652730460692
d,Daily familiarity,53,2.6377233512405214,1.1174904630930635
d,Daily familiarity,54,1.582969558710575,0.8567854422068217
d,Daily familiarity,55,2.1423988613901477,0.9731255134158503
d,Daily familiarity,56,1.766784371948046,0.49801962866992744
d,Daily familiarity,57,1.0178504532112251,0.027596774630338494
d,Daily familiarity,58,1.318134287257167,2.494229766981938
d,Daily familiarity,59,0.5675080542633126,0.36579426277502325
d,Daily familiarity,60,1.4104930876564659,2.0094912637184636
d,Daily familiarity,61,1.7725945189252537,-0.6054365478366113
d,Daily familiarity,62,1.4882787378953735,0.15304410897633813
d,Daily familiarity,63,1.6631776821616038,0.036620332085302465
d,Daily familiarity,64,0.21966902798577737,0.3673418811442346
d,Daily familiarity,65,2.093668296404055,0.8754103477737178
d,Daily familiarity,66,1.6379615281394395,0.08605849406047561
d,Daily familiarity,67,1.9252084014513873,0.4969938071879527
d,Daily familiarity,68,2.803659557249089,2.9948851288182654
d,Daily familiarity,69,0.7109869267519837,0.7468019569814635
d,Daily familiarity,70,0.5703903238065853,-0.2084613939489235
d,Daily familiarity,71,1.6479939991329804,2.164869746374576
d,Daily familiarity,72,-0.4001183200704377,-0.5915310118968504
d,Daily familiarity,73,2.013775357234511,1.8970865153561336
d,Daily familiarity,74,1.74484943379582,-0.8510840931336476
d,Daily familiarity,75,0.29332240266947895,-0.2937737565388172
d,Daily familiarity,76,2.5800869198046126,-0.39311630301070366
d,Daily familiarity,77,2.6848599100643824,0.37552254806802354
d,Daily familiarity,78,2.2667546992429015,1.082278714517125
d,Daily familiarity,79,1.4622460251166514,0.2534994545605591
d,Daily familiarity,80,1.6797958873670886,0.16812817616239117
d,Daily familiarity,81,2.460404943866931,1.3817110713514342
d,Daily familiarity,82,0.8169197498227838,0.8319031966985495
d,Daily familiarity,83,1.4347306076663378,0.28704585212897316
d,Daily familiarity,84,0.7626720930795465,1.4794158058172924
d,Daily familiarity,85,2.81638533788528,0.48278093070158823
d,Daily familiarity,86,2.0407441996287403,1.5960821838404584
d,Daily familiarity,87,0.7458906165148731,0.49594450522749467
d,Daily familiarity,88,0.5466782253634079,1.8623711145776474
d,Daily familiarity,89,2.4683807716440835,0.6457886559941151
d,Daily familiarity,90,1.138179985239356,1.509402253346547
d,Daily familiarity,91,0.5514992414374813,1.1381732201540373
d,Daily familiarity,92,2.0309829251188933,0.3998656186599594
d,Daily familiarity,93,1.7331946546973844,-0.2645124397918477
d,Daily familiarity,94,1.8888243373839124,1.6126649961372346
d,Daily familiarity,95,1.46170120220176,-0.4020074251892791
d,Daily familiarity,96,0.555796538255418,0.2796460421878364
d,Daily familiarity,97,1.3584597980865016,0.8723678148719554
d,Daily familiarity,98,0.47141324836130094,0.013493770055541532
d,Daily familiarity,99,1.6976974830802218,0.3710643235587341
d,Daily familiarity,100,3.0070803788729883,-0.6587670206429608
d,Daily familiarity,101,1.879389628911123,-0.08131098529655745
d,Daily familiarity,102,2.5268561371539793,-0.710462609907907
d,Daily familiarity,103,0.9280204643445216,-1.1086496292632815
d,Daily familiarity,104,1.5437913554937444,-0.26622847930363003
d,Daily familiarity,105,1.785580881026518,-1.5874171859350112
d,Daily familiarity,106,2.364960599912516,-1.4945098892969837
d,Daily familiarity,107,1.1985794886603287,0.9637446887534749
d,Daily familiarity,108,2.009381338722018,2.5352167063109707
d,Daily familiarity,109,1.7616697936627963,-1.3593404434528713
d,Daily familiarity,110,1.1899291525808726,0.2858472549782869
d,Daily familiarity,111,1.0137724291477896,-0.8729489668905575
d,Daily familiarity,112,0.9825584435708246,1.0077099605297537
d,Daily familiarity,113,2.098072906451617,-3.0065859100704873
d,Daily familiarity,114,-2.9919852609381254,0.6068924875513293
d,Daily familiarity,115,2.038437039113469,-0.26292973980015244
d,Daily familiarity,116,2.2170654915687154,1.1301866404896437
d,Daily familiarity,117,2.1314476786251104,-0.010298040888373272
d,Daily familiarity,118,0.6443055106868893,0.20802944828875658
d,Daily familiarity,119,2.0189853613688404,2.9579646873412795
d,Daily familiarity,120,0.7560620476928106,1.90832399506919
d,Daily familiarity,121,0.7549414785813662,-0.011001867360496576
d,Daily familiarity,122,1.7824997782157155,-0.0864915947416467
d,Daily familiarity,123,1.705196194873034,2.2631623738577877
d,Daily familiarity,124,2.6759177638779255,0.48935881264092806
d,Daily familiarity,125,1.7577516086915113,-0.38882338157144725
d,Daily familiarity,126,1.4277091261160253,0.5988653072947621
d,Daily familiarity,127,1.8051825441708944,1.892826453925669
d,Daily familiarity,128,2.4370401602382374,-1.7429500442408499
d,Daily familiarity,129,0.8540994280093348,-0.8716076521966092
d,Daily familiarity,130,1.8615459353246013,-0.9101293911779296
d,Daily familiarity,131,1.898253556983267,-2.1377679664158666
d,Daily familiarity,132,1.8483297886479884,2.145047721512836
d,Daily familiarity,133,1.917302447179102,-0.387450099079099
d,Daily familiarity,134,2.0314043084010045,-2.023071137843251
d,Daily familiarity,135,1.6709355334301659,0.5814540456530581
d,Daily familiarity,136,2.445382217258513,-0.16893462734672848
d,Daily familiarity,137,1.6697981308750949,1.0863381364370044
d,Daily familiarity,138,1.2890565263807243,1.0012684430849994
d,Daily familiarity,139,1.4880052863340651,0.24873346528256457
d,Daily familiarity,140,2.0005351818654935,0.40472623581872424
d,Daily familiarity,141,2.5412294795482078,1.1364411192711241
d,Daily familiarity,142,1.7959647344329035,-0.11705262568532282
d,Daily familiarity,143,1.3284427446430973,0.09395105128997017
d,Daily familiarity,144,1.7566783348176225,-0.5047039294436586
d,Daily familiarity,145,-0.25678206940755555,0.9804646712137832
d,Daily familiarity,146,0.5491002819114796,0.2577287231979768
d,Daily familiarity,147,1.5377388488514496,1.1422667475197663
d,Daily familiarity,148,1.1458218229552672,0.261313251566476
d,Daily familiarity,149,1.6227537585221379,1.7591358922756593
d,Daily familiarity,150,0.7352395847458348,0.9156020518417951
d,Daily familiarity,151,1.4083557079983366,0.6038626443524167
d,Daily familiarity,152,2.4036730532269237,-0.7355886896791026
d,Daily familiarity,153,1.3045707027592046,-0.39515724425034104
d,Daily familiarity,154,-0.46829979226188323,1.4190732823143462
d,Daily familiarity,155,1.6930022028455696,2.3806871830394307
d,Daily familiarity,156,0.11441813618151997,-1.1350699952353174
d,Daily familiarity,157,-0.44465064708040236,0.6369634134823148
d,Daily familiarity,158,1.0096897708219261,0.5006711991906667
d,Daily familiarity,159,0.20374128955089477,1.6035016489865512
d,Daily familiarity,160,1.659830330955847,0.49776912560226894
d,Daily familiarity,161,1.1008173443559555,1.5924123658059104
d,Daily familiarity,162,1.342075403760819,1.357275166425378
d,Daily familiarity,163,2.8809183413443806,0.08645906724539953
d,Daily familiarity,164,1.4007682147662486,0.8875229224301715
d,Daily familiarity,165,1.3456452787316575,-0.03288624379938687
d,Daily familiarity,166,1.882001842889986,-0.49773007541593506
d,Daily familiarity,167,1.083654867209157,1.492322980858244
d,Daily familiarity,168,1.0173508192011713,-0.3585529758621404
d,Daily familiarity,169,1.5514871780407322,-0.7369466090593972
d,Daily familiarity,170,1.2895366672517783,-0.532156875364906
d,Daily familiarity,171,2.296192262522988,0.22441466618803396
d,Daily familiarity,172,1.9910459792487263,-1.12199981029121
d,Daily familiarity,173,1.2395335822793685,0.7608603213217773
d,Daily familiarity,174,0.8153246285230322,-1.385196064100576
d,Daily familiarity,175,2.1072438349645513,1.845779933484451
d,Daily familiarity,176,1.2113544107609089,1.8718498601986653
d,Daily familiarity,177,-0.09564474735968798,-1.388314661684418
d,Daily familiarity,178,1.7101028772735383,-0.6248936663185529
d,Daily familiarity,179,3.025303460644259,-0.39380913053899747
d,Daily familiarity,180,0.24110103706760722,0.9928123749436404
d,Daily familiarity,181,1.77585101395531,0.6489766243146797
d,Daily familiarity,182,0.07566368074386132,0.49076389437615164
d,Daily familiarity,183,2.981517607184034,0.34521739118981287
d,Daily familiarity,184,1.20775372504374,-0.4566944131737496
d,Daily familiarity,185,1.7601226728509554,0.2773766202857715
d,Daily familiarity,186,1.513449445497777,-0.00441966961762974
d,Daily familiarity,187,0.01822626630849067,0.6021472697944699
d,Daily familiarity,188,0.6225418441619155,0.47335942037714895
d,Daily familiarity,189,-0.04307233143591338,1.781534044976631
d,Daily familiarity,190,1.5729593262584647,1.2108135514679805
d,Daily familiarity,191,1.4347910337655296,0.8510272209372802
d,Daily familiarity,192,1.977966408561394,1.2713999486447776
d,Daily familiarity,193,2.3657851747723058,-0.08910738445516708
d,Daily familiarity,194,0.929375068723358,-0.12408294159565081
d,Daily familiarity,195,1.242547773491406,1.0355827733961611
d,Daily familiarity,196,0.9187059153640775,1.878433020435299
d,Daily familiarity,197,1.3497253908564728,0.6255973392649583
d,Daily familiarity,198,1.9848799156949593,1.9653758349987056
d,Daily familiarity,199,2.5633769191148064,-0.4088479711686688
d,Daily familiarity,200,1.009676896667636,-1.6329806617318847
d,Daily familiarity,201,1.3131130282661827,2.023128427865342
d,Daily familiarity,202,1.1460355407902973,0.5966799615088041
d,Daily familiarity,203,1.9659656039021467,-0.27936120990078006
d,Daily familiarity,204,2.4596414850228783,0.719732000801045
d,Daily familiarity,205,2.1067208737807857,1.6017058804440794
d,Daily familiarity,206,2.676061187896493,-0.2328363610649511
d,Daily familiarity,207,1.9550863553602644,2.492102916395708
d,Daily familiarity,208,2.0429890961427137,0.28628263456792524
d,Daily familiarity,209,1.2271136800731277,-0.8636246110115486
d,Daily familiarity,210,1.991100054050202,0.335271342136815
d,Daily familiarity,211,1.3044615959497925,1.842954542146308
d,Daily familiarity,212,1.7960145854614344,0.08754600056370121
d,Daily familiarity,213,1.5113629885750788,-1.0379383768779715
d,Daily familiarity,214,2.2415421467517573,1.0333977021752636
d,Daily familiarity,215,2.0169358835849485,0.0936100462345526
d,Daily familiarity,216,2.1014294188624403,0.9095677764222909
d,Daily familiarity,217,0.920404710409839,1.5030059305354557
d,Daily familiarity,218,0.7859103432051646,0.778063403721557
d,Daily familiarity,219,-0.5802673628976209,1.3459486019391065
d,Daily familiarity,220,1.5956174725357757,0.9710494095127427
d,Daily familiarity,221,1.674983029532501,1.8411933685590949
d,Daily familiarity,222,1.7765466576405364,-1.1602274580435674
d,Daily familiarity,223,3.0146621209957782,-0.907020126610961
d,Daily familiarity,224,2.003931544375024,-2.243806370748573
d,Daily familiarity,225,1.2655890295706351,-1.8389892302233315
d,Daily familiarity,226,1.3276988717854055,0.8474919327842878
d,Daily familiarity,227,1.6721225623569884,1.253448705759153
d,Daily familiarity,228,1.53319365229485,0.5215776648529746
d,Daily familiarity,229,2.8651916637298624,0.02248999613724134
d,Daily familiarity,230,1.5598616624781245,0.5961049199855308
d,Daily familiarity,231,2.6700258626306654,0.46612384927492423
d,Daily familiarity,232,1.9586517389250266,1.7340472764341586
d,Daily familiarity,233,2.140344790765621,-0.415777632959903
d,Daily familiarity,234,3.0276895969267317,3.022268024677815
d,Daily familiarity,235,0.8550383688175751,1.2120813135013027
d,Daily familiarity,236,1.632801377237648,0.09841518186458131
d,Daily familiarity,237,0.4877010845529153,0.4691624271117747
d,Daily familiarity,238,1.027068243927495,0.0387666360216552
d,Daily familiarity,239,1.8755340661133264,-0.9997526396233263
d,Daily familiarity,240,0.6518608292184451,0.08561252060737168
d,Daily familiarity,241,1.710137034684145,1.253037901716004
d,Daily familiarity,242,1.4414371413858813,2.1517515527318354
d,Daily familiarity,243,1.8660617089663019,-0.1479925454750326
d,Daily familiarity,244,1.688263142901202,-0.7664446166899941
d,Daily familiarity,245,-0.8909442340896896,0.7632714014489941
d,Daily familiarity,246,1.31776997551931,1.5908966866055216
d,Daily familiarity,247,1.1332773146675441,0.5198382977001512
d,Daily familiarity,248,2.0000230470287974,0.8690767875477761
d,Daily familiarity,249,1.7399572439465603,0.6467859441352495
d,Daily familiarity,250,0.4475251449896751,0.7455118586737348
d,Daily familiarity,251,2.0053435824375194,1.4982501533121422
d,Daily familiarity,252,1.9070359125016765,0.16206029573019842
d,Daily familiarity,253,-0.25467089662165776,2.107586234548939
d,Daily familiarity,254,1.4306694969760798,1.1386231410474084
d,Daily familiarity,255,1.8605229195870088,1.265301787743585
d,Daily familiarity,256,0.8086482456447048,0.524726195974663
d,Daily familiarity,257,1.0243117944703588,0.4052358602105355
d,Daily familiarity,258,2.0125716675534937,1.6465131399615611
d,Daily familiarity,259,0.9266425972665808,1.2163335904457417
d,Daily familiarity,260,2.81772659085086,-0.7338370564640431
d,Daily familiarity,261,0.42630379685269926,0.33203707715449804
d,Daily familiarity,262,1.3225857283559064,0.7579237047801124
d,Daily familiarity,263,1.882974225289371,-0.364039125252166
d,Daily familiarity,264,3.0351074209755833,0.5116539659055968
d,Daily familiarity,265,1.9953388194333428,2.2445613521408516
d,Daily familiarity,266,1.2007597705897428,1.512215165297996
d,Daily familiarity,267,1.7075137837531855,1.2180091870742764
d,Daily familiarity,268,2.9977897516622445,-0.16344789465500886
d,Daily familiarity,269,0.794648282817747,0.36624030365154425
d,Daily familiarity,270,1.0801289403539744,1.146772912948295
d,Daily familiarity,271,1.5322883513033219,0.37763528637292687
d,Daily familiarity,272,2.0194583623435207,-0.3899787003417625
d,Daily familiarity,273,2.7829896842467017,1.5424929154760045
d,Daily familiarity,274,1.376137172202645,-1.2164604579308258
d,Daily familiarity,275,1.8052819758154133,-0.7526354834986702
d,Daily familiarity,276,1.558042607232255,0.1497644581088582
d,Daily familiarity,277,1.6755863785118104,0.8659114909038164
d,Daily familiarity,278,1.2223116223899577,1.0839746419315155
d,Daily familiarity,279,1.5851630541331945,0.6061223302933696
